,Sno,Date,Time,State/UnionTerritory,ConfirmedIndianNational,ConfirmedForeignNational,Cured,Deaths,Confirmed
0,1,2020-01-30,6:00 PM,Kerala,1,0,0,0,1
1,2,2020-01-31,6:00 PM,Kerala,1,0,0,0,1
2,3,2020-02-01,6:00 PM,Kerala,2,0,0,0,2
3,4,2020-02-02,6:00 PM,Kerala,3,0,0,0,3
4,5,2020-02-03,6:00 PM,Kerala,3,0,0,0,3
5,6,2020-02-04,6:00 PM,Kerala,3,0,0,0,3
6,7,2020-02-05,6:00 PM,Kerala,3,0,0,0,3
7,8,2020-02-06,6:00 PM,Kerala,3,0,0,0,3
8,9,2020-02-07,6:00 PM,Kerala,3,0,0,0,3
9,10,2020-02-08,6:00 PM,Kerala,3,0,0,0,3
10,11,2020-02-09,6:00 PM,Kerala,3,0,0,0,3
11,12,2020-02-10,6:00 PM,Kerala,3,0,0,0,3
12,13,2020-02-11,6:00 PM,Kerala,3,0,0,0,3
13,14,2020-02-12,6:00 PM,Kerala,3,0,0,0,3
14,15,2020-02-13,6:00 PM,Kerala,3,0,0,0,3
15,16,2020-02-14,6:00 PM,Kerala,3,0,0,0,3
16,17,2020-02-15,6:00 PM,Kerala,3,0,0,0,3
17,18,2020-02-16,6:00 PM,Kerala,3,0,0,0,3
18,19,2020-02-17,6:00 PM,Kerala,3,0,0,0,3
19,20,2020-02-18,6:00 PM,Kerala,3,0,0,0,3
20,21,2020-02-19,6:00 PM,Kerala,3,0,0,0,3
21,22,2020-02-20,6:00 PM,Kerala,3,0,0,0,3
22,23,2020-02-21,6:00 PM,Kerala,3,0,0,0,3
23,24,2020-02-22,6:00 PM,Kerala,3,0,0,0,3
24,25,2020-02-23,6:00 PM,Kerala,3,0,0,0,3
25,26,2020-02-24,6:00 PM,Kerala,3,0,0,0,3
26,27,2020-02-25,6:00 PM,Kerala,3,0,0,0,3
27,28,2020-02-26,6:00 PM,Kerala,3,0,0,0,3
28,29,2020-02-27,6:00 PM,Kerala,3,0,0,0,3
29,30,2020-02-28,6:00 PM,Kerala,3,0,0,0,3
30,31,2020-02-29,6:00 PM,Kerala,3,0,0,0,3
31,32,2020-03-01,6:00 PM,Kerala,3,0,0,0,3
32,33,2020-03-02,6:00 PM,Telengana,1,0,0,0,1
33,34,2020-03-02,6:00 PM,Kerala,3,0,0,0,3
34,35,2020-03-02,6:00 PM,Delhi,1,0,0,0,1
35,36,2020-03-03,6:00 PM,Telengana,1,0,0,0,1
36,37,2020-03-03,6:00 PM,Rajasthan,0,1,0,0,1
37,38,2020-03-03,6:00 PM,Kerala,3,0,3,0,3
38,39,2020-03-03,6:00 PM,Delhi,1,0,0,0,1
39,40,2020-03-04,6:00 PM,Uttar Pradesh,6,0,0,0,6
40,41,2020-03-04,6:00 PM,Kerala,3,0,3,0,3
41,42,2020-03-04,6:00 PM,Haryana,0,2,0,0,2
42,43,2020-03-04,6:00 PM,Delhi,1,0,0,0,1
43,44,2020-03-04,6:00 PM,Telengana,1,0,0,0,1
44,45,2020-03-04,6:00 PM,Rajasthan,1,14,0,0,15
45,46,2020-03-05,6:00 PM,Delhi,2,0,0,0,2
46,47,2020-03-05,6:00 PM,Haryana,0,2,0,0,2
47,48,2020-03-05,6:00 PM,Kerala,3,0,3,0,3
48,49,2020-03-05,6:00 PM,Rajasthan,1,14,0,0,15
49,50,2020-03-05,6:00 PM,Telengana,1,0,0,0,1
50,51,2020-03-05,6:00 PM,Uttar Pradesh,7,0,0,0,7
51,52,2020-03-06,6:00 PM,Delhi,3,0,0,0,3
52,53,2020-03-06,6:00 PM,Haryana,0,2,0,0,2
53,54,2020-03-06,6:00 PM,Kerala,3,0,3,0,3
54,55,2020-03-06,6:00 PM,Rajasthan,1,14,0,0,15
55,56,2020-03-06,6:00 PM,Uttar Pradesh,7,0,0,0,7
56,57,2020-03-06,6:00 PM,Telengana,1,0,0,0,1
57,58,2020-03-07,6:00 PM,Kerala,3,0,3,0,3
58,59,2020-03-07,6:00 PM,Uttar Pradesh,7,0,0,0,7
59,60,2020-03-07,6:00 PM,Ladakh,2,0,0,0,2
60,61,2020-03-07,6:00 PM,Telengana,1,0,0,0,1
61,62,2020-03-07,6:00 PM,Tamil Nadu,1,0,0,0,1
62,63,2020-03-07,6:00 PM,Delhi,3,0,0,0,3
63,64,2020-03-07,6:00 PM,Haryana,0,2,0,0,2
64,65,2020-03-07,6:00 PM,Rajasthan,1,14,0,0,15
65,66,2020-03-08,6:00 PM,Ladakh,2,0,0,0,2
66,67,2020-03-08,6:00 PM,Telengana,1,0,0,0,1
67,68,2020-03-08,6:00 PM,Tamil Nadu,1,0,0,0,1
68,69,2020-03-08,6:00 PM,Rajasthan,1,14,0,0,15
69,70,2020-03-08,6:00 PM,Kerala,8,0,3,0,8
70,71,2020-03-08,6:00 PM,Haryana,0,2,0,0,2
71,72,2020-03-08,6:00 PM,Delhi,3,0,0,0,3
72,73,2020-03-08,6:00 PM,Uttar Pradesh,7,0,0,0,7
73,74,2020-03-09,6:00 PM,Ladakh,2,0,0,0,2
74,75,2020-03-09,6:00 PM,Karnataka,1,0,0,0,1
75,76,2020-03-09,6:00 PM,Kerala,9,0,3,0,9
76,77,2020-03-09,6:00 PM,Maharashtra,2,0,0,0,2
77,78,2020-03-09,6:00 PM,Punjab,1,0,0,0,1
78,79,2020-03-09,6:00 PM,Rajasthan,1,14,0,0,15
79,80,2020-03-09,6:00 PM,Tamil Nadu,1,0,0,0,1
80,81,2020-03-09,6:00 PM,Telengana,1,0,0,0,1
81,82,2020-03-09,6:00 PM,Jammu and Kashmir,1,0,0,0,1
82,83,2020-03-09,6:00 PM,Uttar Pradesh,7,0,0,0,7
83,84,2020-03-09,6:00 PM,Haryana,0,2,0,0,2
84,85,2020-03-09,6:00 PM,Delhi,4,0,0,0,4
85,86,2020-03-10,6:00 PM,Uttar Pradesh,7,0,0,0,7
86,87,2020-03-10,6:00 PM,Ladakh,2,0,0,0,2
87,88,2020-03-10,6:00 PM,Delhi,4,0,0,0,4
88,89,2020-03-10,6:00 PM,Haryana,0,2,0,0,2
89,90,2020-03-10,6:00 PM,Karnataka,4,0,0,0,4
90,91,2020-03-10,6:00 PM,Kerala,15,0,3,0,15
91,92,2020-03-10,6:00 PM,Maharashtra,5,0,0,0,5
92,93,2020-03-10,6:00 PM,Punjab,1,0,0,0,1
93,94,2020-03-10,6:00 PM,Rajasthan,1,14,0,0,15
94,95,2020-03-10,6:00 PM,Tamil Nadu,1,0,0,0,1
95,96,2020-03-10,6:00 PM,Telengana,1,0,0,0,1
96,97,2020-03-10,6:00 PM,Jammu and Kashmir,1,0,0,0,1
97,98,2020-03-11,6:00 PM,Maharashtra,2,0,0,0,2
98,99,2020-03-11,6:00 PM,Delhi,5,0,0,0,5
99,100,2020-03-11,6:00 PM,Haryana,0,14,0,0,14
100,101,2020-03-11,6:00 PM,Kerala,17,0,3,0,17
101,102,2020-03-11,6:00 PM,Rajasthan,1,2,0,0,3
102,103,2020-03-11,6:00 PM,Telengana,1,0,0,0,1
103,104,2020-03-11,6:00 PM,Uttar Pradesh,9,0,0,0,9
104,105,2020-03-11,6:00 PM,Ladakh,2,0,0,0,2
105,106,2020-03-11,6:00 PM,Tamil Nadu,1,0,0,0,1
106,107,2020-03-11,6:00 PM,Jammu and Kashmir,1,0,0,0,1
107,108,2020-03-11,6:00 PM,Punjab,1,0,0,0,1
108,109,2020-03-11,6:00 PM,Karnataka,4,0,0,0,4
109,110,2020-03-12,6:00 PM,Delhi,6,0,0,0,6
110,111,2020-03-12,6:00 PM,Haryana,0,14,0,0,14
111,112,2020-03-12,6:00 PM,Kerala,17,0,3,0,17
112,113,2020-03-12,6:00 PM,Rajasthan,1,2,0,0,3
113,114,2020-03-12,6:00 PM,Telengana,1,0,0,0,1
114,115,2020-03-12,6:00 PM,Uttar Pradesh,10,1,0,0,11
115,116,2020-03-12,6:00 PM,Ladakh,3,0,0,0,3
116,117,2020-03-12,6:00 PM,Tamil Nadu,1,0,0,0,1
117,118,2020-03-12,6:00 PM,Jammu and Kashmir,1,0,0,0,1
118,119,2020-03-12,6:00 PM,Punjab,1,0,0,0,1
119,120,2020-03-12,6:00 PM,Karnataka,4,0,0,0,4
120,121,2020-03-12,6:00 PM,Maharashtra,11,0,0,0,11
121,122,2020-03-12,6:00 PM,Andhra Pradesh,1,0,0,0,1
122,123,2020-03-13,6:00 PM,Delhi,6,0,0,0,6
123,124,2020-03-13,6:00 PM,Haryana,0,14,0,0,14
124,125,2020-03-13,6:00 PM,Kerala,19,0,3,0,19
125,126,2020-03-13,6:00 PM,Rajasthan,1,2,0,0,3
126,127,2020-03-13,6:00 PM,Telengana,1,0,0,0,1
127,128,2020-03-13,6:00 PM,Uttar Pradesh,10,1,0,0,11
128,129,2020-03-13,6:00 PM,Ladakh,3,0,0,0,3
129,130,2020-03-13,6:00 PM,Tamil Nadu,1,0,0,0,1
130,131,2020-03-13,6:00 PM,Jammu and Kashmir,1,0,0,0,1
131,132,2020-03-13,6:00 PM,Punjab,1,0,0,0,1
132,133,2020-03-13,6:00 PM,Karnataka,6,0,0,1,6
133,134,2020-03-13,6:00 PM,Maharashtra,14,0,0,0,14
134,135,2020-03-13,6:00 PM,Andhra Pradesh,1,0,0,0,1
135,136,2020-03-14,6:00 PM,Delhi,7,0,1,1,7
136,137,2020-03-14,6:00 PM,Haryana,0,14,0,0,14
137,138,2020-03-14,6:00 PM,Kerala,19,0,3,0,19
138,139,2020-03-14,6:00 PM,Rajasthan,1,2,1,0,3
139,140,2020-03-14,6:00 PM,Telengana,1,0,0,0,1
140,141,2020-03-14,6:00 PM,Uttar Pradesh,11,1,5,0,12
141,142,2020-03-14,6:00 PM,Ladakh,3,0,0,0,3
142,143,2020-03-14,6:00 PM,Tamil Nadu,1,0,0,0,1
143,144,2020-03-14,6:00 PM,Jammu and Kashmir,2,0,0,0,2
144,145,2020-03-14,6:00 PM,Punjab,1,0,0,0,1
145,146,2020-03-14,6:00 PM,Karnataka,6,0,0,1,6
146,147,2020-03-14,6:00 PM,Maharashtra,14,0,0,0,14
147,148,2020-03-14,6:00 PM,Andhra Pradesh,1,0,0,0,1
148,149,2020-03-15,6:00 PM,Andhra Pradesh,1,0,0,0,1
149,150,2020-03-15,6:00 PM,Delhi,7,0,2,1,7
150,151,2020-03-15,6:00 PM,Haryana,0,14,0,0,14
151,152,2020-03-15,6:00 PM,Karnataka,6,0,0,1,6
152,153,2020-03-15,6:00 PM,Kerala,22,0,3,0,22
153,154,2020-03-15,6:00 PM,Maharashtra,32,0,0,0,32
154,155,2020-03-15,6:00 PM,Punjab,1,0,0,0,1
155,156,2020-03-15,6:00 PM,Rajasthan,2,2,3,0,4
156,157,2020-03-15,6:00 PM,Tamil Nadu,1,0,0,0,1
157,158,2020-03-15,6:00 PM,Telengana,3,0,1,0,3
158,159,2020-03-15,6:00 PM,Jammu and Kashmir,2,0,0,0,2
159,160,2020-03-15,6:00 PM,Ladakh,3,0,0,0,3
160,161,2020-03-15,6:00 PM,Uttar Pradesh,12,1,4,0,13
161,162,2020-03-15,6:00 PM,Uttarakhand,1,0,0,0,1
162,163,2020-03-16,6:00 PM,Andhra Pradesh,1,0,0,0,1
163,164,2020-03-16,6:00 PM,Delhi,7,0,2,1,7
164,165,2020-03-16,6:00 PM,Haryana,0,14,0,0,14
165,166,2020-03-16,6:00 PM,Karnataka,6,0,0,1,6
166,167,2020-03-16,6:00 PM,Kerala,23,0,3,0,23
167,168,2020-03-16,6:00 PM,Maharashtra,32,0,0,0,32
168,169,2020-03-16,6:00 PM,Odisha,1,0,0,0,1
169,170,2020-03-16,6:00 PM,Punjab,1,0,0,0,1
170,171,2020-03-16,6:00 PM,Rajasthan,2,2,3,0,4
171,172,2020-03-16,6:00 PM,Tamil Nadu,1,0,0,0,1
172,173,2020-03-16,6:00 PM,Telengana,3,0,1,0,3
173,174,2020-03-16,6:00 PM,Jammu and Kashmir,3,0,0,0,3
174,175,2020-03-16,6:00 PM,Ladakh,4,0,0,0,4
175,176,2020-03-16,6:00 PM,Uttar Pradesh,12,1,4,0,13
176,177,2020-03-16,6:00 PM,Uttarakhand,1,0,0,0,1
177,178,2020-03-17,6:00 PM,Andhra Pradesh,1,0,0,0,1
178,179,2020-03-17,6:00 PM,Delhi,8,0,2,1,8
179,180,2020-03-17,6:00 PM,Haryana,1,14,0,0,15
180,181,2020-03-17,6:00 PM,Karnataka,11,0,0,1,11
181,182,2020-03-17,6:00 PM,Kerala,24,2,3,0,26
182,183,2020-03-17,6:00 PM,Maharashtra,36,3,0,1,39
183,184,2020-03-17,6:00 PM,Odisha,1,0,0,0,1
184,185,2020-03-17,6:00 PM,Punjab,1,0,0,0,1
185,186,2020-03-17,6:00 PM,Rajasthan,2,2,3,0,4
186,187,2020-03-17,6:00 PM,Tamil Nadu,1,0,0,0,1
187,188,2020-03-17,6:00 PM,Telengana,3,2,1,0,5
188,189,2020-03-17,6:00 PM,Jammu and Kashmir,3,0,0,0,3
189,190,2020-03-17,6:00 PM,Ladakh,6,0,0,0,6
190,191,2020-03-17,6:00 PM,Uttar Pradesh,14,1,5,0,15
191,192,2020-03-17,6:00 PM,Uttarakhand,1,0,0,0,1
192,193,2020-03-18,6:00 PM,Andhra Pradesh,1,0,0,0,1
193,194,2020-03-18,6:00 PM,Delhi,9,1,2,1,10
194,195,2020-03-18,6:00 PM,Haryana,3,14,0,0,17
195,196,2020-03-18,6:00 PM,Karnataka,11,0,0,1,11
196,197,2020-03-18,6:00 PM,Kerala,25,2,3,0,27
197,198,2020-03-18,6:00 PM,Maharashtra,39,3,0,1,42
198,199,2020-03-18,6:00 PM,Odisha,1,0,0,0,1
199,200,2020-03-18,6:00 PM,Puducherry,1,0,0,0,1
200,201,2020-03-18,6:00 PM,Punjab,1,0,0,0,1
201,202,2020-03-18,6:00 PM,Rajasthan,2,2,3,0,4
202,203,2020-03-18,6:00 PM,Tamil Nadu,1,0,0,0,1
203,204,2020-03-18,6:00 PM,Telengana,4,2,1,0,6
204,205,2020-03-18,6:00 PM,Jammu and Kashmir,3,0,0,0,3
205,206,2020-03-18,6:00 PM,Ladakh,8,0,0,0,8
206,207,2020-03-18,6:00 PM,Uttar Pradesh,15,1,5,0,16
207,208,2020-03-18,6:00 PM,Uttarakhand,1,0,0,0,1
208,209,2020-03-18,6:00 PM,West Bengal,1,0,0,0,1
209,210,2020-03-19,6:00 PM,Andhra Pradesh,2,0,0,0,2
210,211,2020-03-19,6:00 PM,Chhattisgarh,1,0,0,0,1
211,212,2020-03-19,6:00 PM,Delhi,11,1,3,1,12
212,213,2020-03-19,6:00 PM,Haryana,3,14,0,0,17
213,214,2020-03-19,6:00 PM,Karnataka,14,0,0,1,14
214,215,2020-03-19,6:00 PM,Kerala,25,2,3,0,27
215,216,2020-03-19,6:00 PM,Maharashtra,44,3,0,1,47
216,217,2020-03-19,6:00 PM,Odisha,1,0,0,0,1
217,218,2020-03-19,6:00 PM,Puducherry,1,0,0,0,1
218,219,2020-03-19,6:00 PM,Punjab,2,0,0,1,2
219,220,2020-03-19,6:00 PM,Rajasthan,5,2,3,0,7
220,221,2020-03-19,6:00 PM,Tamil Nadu,2,0,1,0,2
221,222,2020-03-19,6:00 PM,Telengana,4,2,1,0,6
222,223,2020-03-19,6:00 PM,Chandigarh,1,0,0,0,1
223,224,2020-03-19,6:00 PM,Jammu and Kashmir,4,0,0,0,4
224,225,2020-03-19,6:00 PM,Ladakh,8,0,0,0,8
225,226,2020-03-19,6:00 PM,Uttar Pradesh,18,1,9,0,19
226,227,2020-03-19,6:00 PM,Uttarakhand,1,0,0,0,1
227,228,2020-03-19,6:00 PM,West Bengal,1,0,0,0,1
228,229,2020-03-20,6:00 PM,Andhra Pradesh,3,0,0,0,3
229,230,2020-03-20,6:00 PM,Chhattisgarh,1,0,0,0,1
230,231,2020-03-20,6:00 PM,Delhi,16,1,5,1,17
231,232,2020-03-20,6:00 PM,Gujarat,5,0,0,0,5
232,233,2020-03-20,6:00 PM,Haryana,3,14,0,0,17
233,234,2020-03-20,6:00 PM,Karnataka,15,0,1,1,15
234,235,2020-03-20,6:00 PM,Kerala,26,2,3,0,28
235,236,2020-03-20,6:00 PM,Maharashtra,49,3,0,1,52
236,237,2020-03-20,6:00 PM,Odisha,2,0,0,0,2
237,238,2020-03-20,6:00 PM,Puducherry,1,0,0,0,1
238,239,2020-03-20,6:00 PM,Punjab,2,0,0,1,2
239,240,2020-03-20,6:00 PM,Rajasthan,15,2,3,0,17
240,241,2020-03-20,6:00 PM,Tamil Nadu,3,0,1,0,3
241,242,2020-03-20,6:00 PM,Telengana,8,9,1,0,17
242,243,2020-03-20,6:00 PM,Chandigarh,1,0,0,0,1
243,244,2020-03-20,6:00 PM,Jammu and Kashmir,4,0,0,0,4
244,245,2020-03-20,6:00 PM,Ladakh,10,0,0,0,10
245,246,2020-03-20,6:00 PM,Uttar Pradesh,22,1,9,0,23
246,247,2020-03-20,6:00 PM,Uttarakhand,3,0,0,0,3
247,248,2020-03-20,6:00 PM,West Bengal,2,0,0,0,2
248,249,2020-03-21,6:00 PM,Andhra Pradesh,3,0,0,0,3
249,250,2020-03-21,6:00 PM,Chhattisgarh,1,0,0,0,1
250,251,2020-03-21,6:00 PM,Delhi,25,1,5,1,26
251,252,2020-03-21,6:00 PM,Gujarat,7,0,0,0,7
252,253,2020-03-21,6:00 PM,Haryana,3,14,0,0,17
253,254,2020-03-21,6:00 PM,Himachal Pradesh,2,0,0,0,2
254,255,2020-03-21,6:00 PM,Karnataka,15,0,1,1,15
255,256,2020-03-21,6:00 PM,Kerala,33,7,3,0,40
256,257,2020-03-21,6:00 PM,Madhya Pradesh,4,0,0,0,4
257,258,2020-03-21,6:00 PM,Maharashtra,60,3,0,1,63
258,259,2020-03-21,6:00 PM,Odisha,2,0,0,0,2
259,260,2020-03-21,6:00 PM,Puducherry,1,0,0,0,1
260,261,2020-03-21,6:00 PM,Punjab,13,0,0,1,13
261,262,2020-03-21,6:00 PM,Rajasthan,15,2,3,0,17
262,263,2020-03-21,6:00 PM,Tamil Nadu,3,0,1,0,3
263,264,2020-03-21,6:00 PM,Telengana,10,11,1,0,21
264,265,2020-03-21,6:00 PM,Chandigarh,1,0,0,0,1
265,266,2020-03-21,6:00 PM,Jammu and Kashmir,4,0,0,0,4
266,267,2020-03-21,6:00 PM,Ladakh,13,0,0,0,13
267,268,2020-03-21,6:00 PM,Uttar Pradesh,23,1,9,0,24
268,269,2020-03-21,6:00 PM,Uttarakhand,3,0,0,0,3
269,270,2020-03-21,6:00 PM,West Bengal,3,0,0,0,3
270,271,2020-03-22,6:00 PM,Andhra Pradesh,5,0,0,0,5
271,272,2020-03-22,6:00 PM,Bihar,2,0,0,1,2
272,273,2020-03-22,6:00 PM,Chhattisgarh,1,0,0,0,1
273,274,2020-03-22,6:00 PM,Delhi,28,1,5,1,29
274,275,2020-03-22,6:00 PM,Gujarat,18,0,0,1,18
275,276,2020-03-22,6:00 PM,Haryana,7,14,0,0,21
276,277,2020-03-22,6:00 PM,Himachal Pradesh,2,0,0,0,2
277,278,2020-03-22,6:00 PM,Karnataka,26,0,2,1,26
278,279,2020-03-22,6:00 PM,Kerala,45,7,3,0,52
279,280,2020-03-22,6:00 PM,Madhya Pradesh,4,0,0,0,4
280,281,2020-03-22,6:00 PM,Maharashtra,64,3,0,2,67
281,282,2020-03-22,6:00 PM,Odisha,2,0,0,0,2
282,283,2020-03-22,6:00 PM,Puducherry,1,0,0,0,1
283,284,2020-03-22,6:00 PM,Punjab,21,0,0,1,21
284,285,2020-03-22,6:00 PM,Rajasthan,22,2,3,0,24
285,286,2020-03-22,6:00 PM,Tamil Nadu,5,2,1,0,7
286,287,2020-03-22,6:00 PM,Telengana,11,11,1,0,22
287,288,2020-03-22,6:00 PM,Chandigarh,5,0,0,0,5
288,289,2020-03-22,6:00 PM,Jammu and Kashmir,4,0,0,0,4
289,290,2020-03-22,6:00 PM,Ladakh,13,0,0,0,13
290,291,2020-03-22,6:00 PM,Uttar Pradesh,26,1,9,0,27
291,292,2020-03-22,6:00 PM,Uttarakhand,3,0,0,0,3
292,293,2020-03-22,6:00 PM,West Bengal,4,0,0,0,4
293,294,2020-03-23,6:00 PM,Andhra Pradesh,7,0,0,0,7
294,295,2020-03-23,6:00 PM,Bihar,2,0,0,1,2
295,296,2020-03-23,6:00 PM,Chhattisgarh,1,0,0,0,1
296,297,2020-03-23,6:00 PM,Delhi,28,1,5,1,29
297,298,2020-03-23,6:00 PM,Gujarat,29,0,0,1,29
298,299,2020-03-23,6:00 PM,Haryana,12,14,0,0,26
299,300,2020-03-23,6:00 PM,Himachal Pradesh,2,0,0,0,2
300,301,2020-03-23,6:00 PM,Karnataka,33,0,2,1,33
301,302,2020-03-23,6:00 PM,Kerala,60,7,3,0,67
302,303,2020-03-23,6:00 PM,Madhya Pradesh,6,0,0,0,6
303,304,2020-03-23,6:00 PM,Maharashtra,71,3,0,2,74
304,305,2020-03-23,6:00 PM,Odisha,2,0,0,0,2
305,306,2020-03-23,6:00 PM,Puducherry,1,0,0,0,1
306,307,2020-03-23,6:00 PM,Punjab,21,0,0,1,21
307,308,2020-03-23,6:00 PM,Rajasthan,26,2,3,0,28
308,309,2020-03-23,6:00 PM,Tamil Nadu,7,2,1,0,9
309,310,2020-03-23,6:00 PM,Telengana,22,10,1,0,32
310,311,2020-03-23,6:00 PM,Chandigarh,6,0,0,0,6
311,312,2020-03-23,6:00 PM,Jammu and Kashmir,4,0,0,0,4
312,313,2020-03-23,6:00 PM,Ladakh,13,0,0,0,13
313,314,2020-03-23,6:00 PM,Uttar Pradesh,30,1,9,0,31
314,315,2020-03-23,6:00 PM,Uttarakhand,3,0,0,0,3
315,316,2020-03-23,6:00 PM,West Bengal,7,0,0,0,7
316,317,2020-03-24,6:00 PM,Andhra Pradesh,8,0,0,0,8
317,318,2020-03-24,6:00 PM,Bihar,3,0,0,1,3
318,319,2020-03-24,6:00 PM,Chhattisgarh,1,0,0,0,1
319,320,2020-03-24,6:00 PM,Delhi,29,1,6,1,30
320,321,2020-03-24,6:00 PM,Gujarat,32,1,0,1,33
321,322,2020-03-24,6:00 PM,Haryana,14,14,11,0,28
322,323,2020-03-24,6:00 PM,Himachal Pradesh,3,0,0,1,3
323,324,2020-03-24,6:00 PM,Karnataka,37,0,3,1,37
324,325,2020-03-24,6:00 PM,Kerala,87,8,4,0,95
325,326,2020-03-24,6:00 PM,Madhya Pradesh,7,0,0,0,7
326,327,2020-03-24,6:00 PM,Maharashtra,86,3,0,2,89
327,328,2020-03-24,6:00 PM,Manipur,1,0,0,0,1
328,329,2020-03-24,6:00 PM,Odisha,2,0,0,0,2
329,330,2020-03-24,6:00 PM,Puducherry,1,0,0,0,1
330,331,2020-03-24,6:00 PM,Punjab,29,0,0,1,29
331,332,2020-03-24,6:00 PM,Rajasthan,30,2,3,0,32
332,333,2020-03-24,6:00 PM,Tamil Nadu,13,2,1,0,15
333,334,2020-03-24,6:00 PM,Telengana,25,10,1,0,35
334,335,2020-03-24,6:00 PM,Chandigarh,7,0,0,0,7
335,336,2020-03-24,6:00 PM,Jammu and Kashmir,4,0,0,0,4
336,337,2020-03-24,6:00 PM,Ladakh,13,0,0,0,13
337,338,2020-03-24,6:00 PM,Uttar Pradesh,32,1,11,0,33
338,339,2020-03-24,6:00 PM,Uttarakhand,3,1,0,0,4
339,340,2020-03-24,6:00 PM,West Bengal,9,0,0,1,9
340,341,2020-03-25,6:00 PM,Andhra Pradesh,9,0,1,0,9
341,342,2020-03-25,6:00 PM,Bihar,4,0,0,1,4
342,343,2020-03-25,6:00 PM,Chhattisgarh,1,0,0,0,1
343,344,2020-03-25,6:00 PM,Delhi,30,1,6,1,31
344,345,2020-03-25,6:00 PM,Gujarat,37,1,0,1,38
345,346,2020-03-25,6:00 PM,Haryana,14,14,11,0,28
346,347,2020-03-25,6:00 PM,Himachal Pradesh,3,0,0,1,3
347,348,2020-03-25,6:00 PM,Karnataka,41,0,3,1,41
348,349,2020-03-25,6:00 PM,Kerala,101,8,4,0,109
349,350,2020-03-25,6:00 PM,Madhya Pradesh,14,0,0,0,14
350,351,2020-03-25,6:00 PM,Maharashtra,125,3,1,3,128
351,352,2020-03-25,6:00 PM,Manipur,1,0,0,0,1
352,353,2020-03-25,6:00 PM,Mizoram,1,0,0,0,1
353,354,2020-03-25,6:00 PM,Odisha,2,0,0,0,2
354,355,2020-03-25,6:00 PM,Puducherry,1,0,0,0,1
355,356,2020-03-25,6:00 PM,Punjab,29,0,0,1,29
356,357,2020-03-25,6:00 PM,Rajasthan,34,2,3,0,36
357,358,2020-03-25,6:00 PM,Tamil Nadu,16,2,1,0,18
358,359,2020-03-25,6:00 PM,Telengana,25,10,1,0,35
359,360,2020-03-25,6:00 PM,Chandigarh,7,0,0,0,7
360,361,2020-03-25,6:00 PM,Jammu and Kashmir,7,0,1,0,7
361,362,2020-03-25,6:00 PM,Ladakh,13,0,0,0,13
362,363,2020-03-25,6:00 PM,Uttar Pradesh,36,1,11,0,37
363,364,2020-03-25,6:00 PM,Uttarakhand,3,1,0,0,4
364,365,2020-03-25,6:00 PM,West Bengal,9,0,0,1,9
365,366,2020-03-26,6:00 PM,Andaman and Nicobar Islands,1,0,0,0,1
366,367,2020-03-26,6:00 PM,Andhra Pradesh,11,0,1,0,11
367,368,2020-03-26,6:00 PM,Bihar,6,0,0,1,6
368,369,2020-03-26,6:00 PM,Chandigarh,7,0,0,0,7
369,370,2020-03-26,6:00 PM,Chhattisgarh,6,0,0,0,6
370,371,2020-03-26,6:00 PM,Delhi,35,1,6,1,36
371,372,2020-03-26,6:00 PM,Goa,3,0,0,0,3
372,373,2020-03-26,6:00 PM,Gujarat,42,1,0,3,43
373,374,2020-03-26,6:00 PM,Haryana,16,14,11,0,30
374,375,2020-03-26,6:00 PM,Himachal Pradesh,3,0,0,1,3
375,376,2020-03-26,6:00 PM,Jammu and Kashmir,13,0,1,0,13
376,377,2020-03-26,6:00 PM,Karnataka,55,0,3,2,55
377,378,2020-03-26,6:00 PM,Kerala,110,8,6,0,118
378,379,2020-03-26,6:00 PM,Ladakh,13,0,0,0,13
379,380,2020-03-26,6:00 PM,Madhya Pradesh,20,0,0,1,20
380,381,2020-03-26,6:00 PM,Maharashtra,121,3,1,3,124
381,382,2020-03-26,6:00 PM,Manipur,1,0,0,0,1
382,383,2020-03-26,6:00 PM,Mizoram,1,0,0,0,1
383,384,2020-03-26,6:00 PM,Odisha,2,0,0,0,2
384,385,2020-03-26,6:00 PM,Puducherry,1,0,0,0,1
385,386,2020-03-26,6:00 PM,Punjab,33,0,0,1,33
386,387,2020-03-26,6:00 PM,Rajasthan,39,2,3,0,41
387,388,2020-03-26,6:00 PM,Tamil Nadu,20,6,1,1,26
388,389,2020-03-26,6:00 PM,Telengana,34,10,1,0,44
389,390,2020-03-26,6:00 PM,Uttarakhand,4,1,0,0,5
390,391,2020-03-26,6:00 PM,Uttar Pradesh,40,1,11,0,41
391,392,2020-03-26,6:00 PM,West Bengal,10,0,0,1,10
392,393,2020-03-27,10:00 AM,Andaman and Nicobar Islands,1,0,0,0,1
393,394,2020-03-27,10:00 AM,Andhra Pradesh,12,0,1,0,12
394,395,2020-03-27,10:00 AM,Bihar,6,0,0,1,6
395,396,2020-03-27,10:00 AM,Chandigarh,7,0,0,0,7
396,397,2020-03-27,10:00 AM,Chhattisgarh,6,0,0,0,6
397,398,2020-03-27,10:00 AM,Delhi,35,1,6,1,36
398,399,2020-03-27,10:00 AM,Goa,3,0,0,0,3
399,400,2020-03-27,10:00 AM,Gujarat,42,1,0,3,43
400,401,2020-03-27,10:00 AM,Haryana,16,14,11,0,30
401,402,2020-03-27,10:00 AM,Himachal Pradesh,3,0,0,1,3
402,403,2020-03-27,10:00 AM,Jammu and Kashmir,13,0,1,1,13
403,404,2020-03-27,10:00 AM,Karnataka,55,0,3,2,55
404,405,2020-03-27,10:00 AM,Kerala,129,8,11,0,137
405,406,2020-03-27,10:00 AM,Ladakh,13,0,3,0,13
406,407,2020-03-27,10:00 AM,Madhya Pradesh,20,0,0,1,20
407,408,2020-03-27,10:00 AM,Maharashtra,127,3,15,4,130
408,409,2020-03-27,10:00 AM,Manipur,1,0,0,0,1
409,410,2020-03-27,10:00 AM,Mizoram,1,0,0,0,1
410,411,2020-03-27,10:00 AM,Odisha,2,0,0,0,2
411,412,2020-03-27,10:00 AM,Puducherry,1,0,0,0,1
412,413,2020-03-27,10:00 AM,Punjab,33,0,0,1,33
413,414,2020-03-27,10:00 AM,Rajasthan,39,2,3,0,41
414,415,2020-03-27,10:00 AM,Tamil Nadu,23,6,1,1,29
415,416,2020-03-27,10:00 AM,Telengana,35,10,1,0,45
416,417,2020-03-27,10:00 AM,Uttarakhand,4,1,0,0,5
417,418,2020-03-27,10:00 AM,Uttar Pradesh,40,1,11,0,41
418,419,2020-03-27,10:00 AM,West Bengal,10,0,0,1,10
419,420,2020-03-28,6:00 PM,Andhra Pradesh,14,0,1,0,14
420,421,2020-03-28,6:00 PM,Andaman and Nicobar Islands,6,0,0,0,6
421,422,2020-03-28,6:00 PM,Bihar,9,0,0,1,9
422,423,2020-03-28,6:00 PM,Chandigarh,8,0,0,0,8
423,424,2020-03-28,6:00 PM,Chhattisgarh,6,0,0,0,6
424,425,2020-03-28,6:00 PM,Delhi,38,1,6,1,39
425,426,2020-03-28,6:00 PM,Goa,3,0,0,0,3
426,427,2020-03-28,6:00 PM,Gujarat,44,1,0,3,45
427,428,2020-03-28,6:00 PM,Haryana,19,14,12,0,33
428,429,2020-03-28,6:00 PM,Himachal Pradesh,3,0,0,1,3
429,430,2020-03-28,6:00 PM,Jammu and Kashmir,20,0,1,1,20
430,431,2020-03-28,6:00 PM,Karnataka,55,0,3,2,55
431,432,2020-03-28,6:00 PM,Kerala,168,8,11,0,176
432,433,2020-03-28,6:00 PM,Ladakh,13,0,3,0,13
433,434,2020-03-28,6:00 PM,Madhya Pradesh,30,0,0,2,30
434,435,2020-03-28,6:00 PM,Maharashtra,177,3,25,5,180
435,436,2020-03-28,6:00 PM,Manipur,1,0,0,0,1
436,437,2020-03-28,6:00 PM,Mizoram,1,0,0,0,1
437,438,2020-03-28,6:00 PM,Odisha,3,0,0,0,3
438,439,2020-03-28,6:00 PM,Puducherry,1,0,0,0,1
439,440,2020-03-28,6:00 PM,Punjab,38,0,1,1,38
440,441,2020-03-28,6:00 PM,Rajasthan,52,2,3,0,54
441,442,2020-03-28,6:00 PM,Tamil Nadu,34,6,2,1,40
442,443,2020-03-28,6:00 PM,Telengana,46,10,1,0,56
443,444,2020-03-28,6:00 PM,Uttarakhand,4,1,0,0,5
444,445,2020-03-28,6:00 PM,Uttar Pradesh,54,1,11,0,55
445,446,2020-03-28,6:00 PM,West Bengal,15,0,0,1,15
446,447,2020-03-29,7:30 PM,Andhra Pradesh,-,-,1,0,19
447,448,2020-03-29,7:30 PM,Andaman and Nicobar Islands,-,-,0,0,9
448,449,2020-03-29,7:30 PM,Bihar,-,-,0,1,11
449,450,2020-03-29,7:30 PM,Chandigarh,-,-,0,0,8
450,451,2020-03-29,7:30 PM,Chhattisgarh,-,-,0,0,7
451,452,2020-03-29,7:30 PM,Delhi,-,-,6,2,49
452,453,2020-03-29,7:30 PM,Goa,-,-,0,0,5
453,454,2020-03-29,7:30 PM,Gujarat,-,-,1,5,58
454,455,2020-03-29,7:30 PM,Haryana,-,-,17,0,33
455,456,2020-03-29,7:30 PM,Himachal Pradesh,-,-,0,1,3
456,457,2020-03-29,7:30 PM,Jammu and Kashmir,-,-,1,2,31
457,458,2020-03-29,7:30 PM,Karnataka,-,-,5,3,76
458,459,2020-03-29,7:30 PM,Kerala,-,-,15,1,182
459,460,2020-03-29,7:30 PM,Ladakh,-,-,3,0,13
460,461,2020-03-29,7:30 PM,Madhya Pradesh,-,-,0,2,30
461,462,2020-03-29,7:30 PM,Maharashtra,-,-,25,6,186
462,463,2020-03-29,7:30 PM,Manipur,-,-,0,0,1
463,464,2020-03-29,7:30 PM,Mizoram,-,-,0,0,1
464,465,2020-03-29,7:30 PM,Odisha,-,-,0,0,3
465,466,2020-03-29,7:30 PM,Puducherry,-,-,0,0,1
466,467,2020-03-29,7:30 PM,Punjab,-,-,1,1,38
467,468,2020-03-29,7:30 PM,Rajasthan,-,-,3,0,55
468,469,2020-03-29,7:30 PM,Tamil Nadu,-,-,4,1,49
469,470,2020-03-29,7:30 PM,Telengana,-,-,1,1,66
470,471,2020-03-29,7:30 PM,Uttarakhand,-,-,2,0,7
471,472,2020-03-29,7:30 PM,Uttar Pradesh,-,-,11,0,65
472,473,2020-03-29,7:30 PM,West Bengal,-,-,0,1,18
473,474,2020-03-30,9:30 PM,Andhra Pradesh,-,-,1,0,23
474,475,2020-03-30,9:30 PM,Andaman and Nicobar Islands,-,-,0,0,9
475,476,2020-03-30,9:30 PM,Bihar,-,-,0,1,15
476,477,2020-03-30,9:30 PM,Chandigarh,-,-,0,0,8
477,478,2020-03-30,9:30 PM,Chhattisgarh,-,-,0,0,7
478,479,2020-03-30,9:30 PM,Delhi,-,-,6,2,87
479,480,2020-03-30,9:30 PM,Goa,-,-,0,0,5
480,481,2020-03-30,9:30 PM,Gujarat,-,-,1,6,69
481,482,2020-03-30,9:30 PM,Haryana,-,-,18,0,36
482,483,2020-03-30,9:30 PM,Himachal Pradesh,-,-,0,1,3
483,484,2020-03-30,9:30 PM,Jammu and Kashmir,-,-,2,2,48
484,485,2020-03-30,9:30 PM,Karnataka,-,-,5,3,83
485,486,2020-03-30,9:30 PM,Kerala,-,-,19,1,202
486,487,2020-03-30,9:30 PM,Ladakh,-,-,3,0,13
487,488,2020-03-30,9:30 PM,Madhya Pradesh,-,-,0,3,47
488,489,2020-03-30,9:30 PM,Maharashtra,-,-,25,8,198
489,490,2020-03-30,9:30 PM,Manipur,-,-,0,0,1
490,491,2020-03-30,9:30 PM,Mizoram,-,-,0,0,1
491,492,2020-03-30,9:30 PM,Odisha,-,-,0,0,3
492,493,2020-03-30,9:30 PM,Puducherry,-,-,0,0,1
493,494,2020-03-30,9:30 PM,Punjab,-,-,1,1,38
494,495,2020-03-30,9:30 PM,Rajasthan,-,-,3,0,59
495,496,2020-03-30,9:30 PM,Tamil Nadu,-,-,4,1,67
496,497,2020-03-30,9:30 PM,Telengana,-,-,1,1,71
497,498,2020-03-30,9:30 PM,Uttarakhand,-,-,2,0,7
498,499,2020-03-30,9:30 PM,Uttar Pradesh,-,-,11,0,82
499,500,2020-03-30,9:30 PM,West Bengal,-,-,0,1,22
500,501,2020-03-30,9:30 PM,Unassigned,-,-,0,0,46
501,502,2020-03-31,8:30 PM,Andhra Pradesh,-,-,1,0,40
502,503,2020-03-31,8:30 PM,Andaman and Nicobar Islands,-,-,0,0,10
503,504,2020-03-31,8:30 PM,Bihar,-,-,0,1,15
504,505,2020-03-31,8:30 PM,Chandigarh,-,-,0,0,13
505,506,2020-03-31,8:30 PM,Chhattisgarh,-,-,0,0,8
506,507,2020-03-31,8:30 PM,Delhi,-,-,6,2,97
507,508,2020-03-31,8:30 PM,Goa,-,-,0,0,5
508,509,2020-03-31,8:30 PM,Gujarat,-,-,3,6,73
509,510,2020-03-31,8:30 PM,Haryana,-,-,21,0,40
510,511,2020-03-31,8:30 PM,Himachal Pradesh,-,-,0,1,3
511,512,2020-03-31,8:30 PM,Jammu and Kashmir,-,-,2,2,54
512,513,2020-03-31,8:30 PM,Karnataka,-,-,5,3,83
513,514,2020-03-31,8:30 PM,Kerala,-,-,19,1,234
514,515,2020-03-31,8:30 PM,Ladakh,-,-,3,0,13
515,516,2020-03-31,8:30 PM,Madhya Pradesh,-,-,0,3,47
516,517,2020-03-31,8:30 PM,Maharashtra,-,-,39,9,216
517,518,2020-03-31,8:30 PM,Manipur,-,-,0,0,1
518,519,2020-03-31,8:30 PM,Mizoram,-,-,0,0,1
519,520,2020-03-31,8:30 PM,Odisha,-,-,0,0,3
520,521,2020-03-31,8:30 PM,Puducherry,-,-,0,0,1
521,522,2020-03-31,8:30 PM,Punjab,-,-,1,3,41
522,523,2020-03-31,8:30 PM,Rajasthan,-,-,3,0,74
523,524,2020-03-31,8:30 PM,Tamil Nadu,-,-,4,1,74
524,525,2020-03-31,8:30 PM,Telengana,-,-,1,1,79
525,526,2020-03-31,8:30 PM,Uttarakhand,-,-,2,0,7
526,527,2020-03-31,8:30 PM,Uttar Pradesh,-,-,14,0,101
527,528,2020-03-31,8:30 PM,West Bengal,-,-,0,2,26
528,529,2020-03-31,8:30 PM,Unassigned,-,-,0,0,38
529,530,2020-04-01,7:30 PM,Andhra Pradesh,-,-,1,0,83
530,531,2020-04-01,7:30 PM,Andaman and Nicobar Islands,-,-,0,0,10
531,532,2020-04-01,7:30 PM,Assam,-,-,0,0,1
532,533,2020-04-01,7:30 PM,Bihar,-,-,0,1,23
533,534,2020-04-01,7:30 PM,Chandigarh,-,-,0,0,16
534,535,2020-04-01,7:30 PM,Chhattisgarh,-,-,2,0,9
535,536,2020-04-01,7:30 PM,Delhi,-,-,6,2,152
536,537,2020-04-01,7:30 PM,Goa,-,-,0,0,5
537,538,2020-04-01,7:30 PM,Gujarat,-,-,5,6,82
538,539,2020-04-01,7:30 PM,Haryana,-,-,21,0,43
539,540,2020-04-01,7:30 PM,Himachal Pradesh,-,-,0,1,3
540,541,2020-04-01,7:30 PM,Jammu and Kashmir,-,-,2,2,62
541,542,2020-04-01,7:30 PM,Jharkhand,-,-,0,0,1
542,543,2020-04-01,7:30 PM,Karnataka,-,-,8,3,101
543,544,2020-04-01,7:30 PM,Kerala,-,-,23,2,241
544,545,2020-04-01,7:30 PM,Ladakh,-,-,3,0,13
545,546,2020-04-01,7:30 PM,Madhya Pradesh,-,-,0,3,66
546,547,2020-04-01,7:30 PM,Maharashtra,-,-,39,9,302
547,548,2020-04-01,7:30 PM,Manipur,-,-,0,0,1
548,549,2020-04-01,7:30 PM,Mizoram,-,-,0,0,1
549,550,2020-04-01,7:30 PM,Odisha,-,-,0,0,4
550,551,2020-04-01,7:30 PM,Puducherry,-,-,1,0,3
551,552,2020-04-01,7:30 PM,Punjab,-,-,1,3,42
552,553,2020-04-01,7:30 PM,Rajasthan,-,-,3,0,93
553,554,2020-04-01,7:30 PM,Tamil Nadu,-,-,6,1,234
554,555,2020-04-01,7:30 PM,Telengana,-,-,1,3,96
555,556,2020-04-01,7:30 PM,Uttarakhand,-,-,2,0,7
556,557,2020-04-01,7:30 PM,Uttar Pradesh,-,-,14,2,103
557,558,2020-04-01,7:30 PM,West Bengal,-,-,6,3,37
558,559,2020-04-02,6:00 PM,Andhra Pradesh,-,-,1,1,86
559,560,2020-04-02,6:00 PM,Andaman and Nicobar Islands,-,-,0,0,10
560,561,2020-04-02,6:00 PM,Assam,-,-,0,0,5
561,562,2020-04-02,6:00 PM,Bihar,-,-,0,1,24
562,563,2020-04-02,6:00 PM,Chandigarh,-,-,0,0,16
563,564,2020-04-02,6:00 PM,Chhattisgarh,-,-,2,0,9
564,565,2020-04-02,6:00 PM,Delhi,-,-,8,4,219
565,566,2020-04-02,6:00 PM,Goa,-,-,0,0,5
566,567,2020-04-02,6:00 PM,Gujarat,-,-,8,7,87
567,568,2020-04-02,6:00 PM,Haryana,-,-,21,0,43
568,569,2020-04-02,6:00 PM,Himachal Pradesh,-,-,1,1,3
569,570,2020-04-02,6:00 PM,Jammu and Kashmir,-,-,2,2,62
570,571,2020-04-02,6:00 PM,Jharkhand,-,-,0,0,1
571,572,2020-04-02,6:00 PM,Karnataka,-,-,9,3,110
572,573,2020-04-02,6:00 PM,Kerala,-,-,25,2,265
573,574,2020-04-02,6:00 PM,Ladakh,-,-,3,0,13
574,575,2020-04-02,6:00 PM,Madhya Pradesh,-,-,0,6,99
575,576,2020-04-02,6:00 PM,Maharashtra,-,-,42,13,335
576,577,2020-04-02,6:00 PM,Manipur,-,-,0,0,1
577,578,2020-04-02,6:00 PM,Mizoram,-,-,0,0,1
578,579,2020-04-02,6:00 PM,Odisha,-,-,0,0,4
579,580,2020-04-02,6:00 PM,Puducherry,-,-,1,0,3
580,581,2020-04-02,6:00 PM,Punjab,-,-,1,4,46
581,582,2020-04-02,6:00 PM,Rajasthan,-,-,3,0,108
582,583,2020-04-02,6:00 PM,Tamil Nadu,-,-,6,1,234
583,584,2020-04-02,6:00 PM,Telengana,-,-,1,3,107
584,585,2020-04-02,6:00 PM,Uttarakhand,-,-,2,0,7
585,586,2020-04-02,6:00 PM,Uttar Pradesh,-,-,14,2,113
586,587,2020-04-02,6:00 PM,West Bengal,-,-,6,3,53
587,588,2020-04-03,6:00 PM,Andhra Pradesh,-,-,1,1,132
588,589,2020-04-03,6:00 PM,Andaman and Nicobar Islands,-,-,0,0,10
589,590,2020-04-03,6:00 PM,Arunachal Pradesh,-,-,0,0,1
590,591,2020-04-03,6:00 PM,Assam,-,-,0,0,16
591,592,2020-04-03,6:00 PM,Bihar,-,-,0,1,29
592,593,2020-04-03,6:00 PM,Chandigarh,-,-,0,0,18
593,594,2020-04-03,6:00 PM,Chhattisgarh,-,-,3,0,9
594,595,2020-04-03,6:00 PM,Delhi,-,-,8,4,219
595,596,2020-04-03,6:00 PM,Goa,-,-,0,0,6
596,597,2020-04-03,6:00 PM,Gujarat,-,-,10,8,95
597,598,2020-04-03,6:00 PM,Haryana,-,-,24,0,49
598,599,2020-04-03,6:00 PM,Himachal Pradesh,-,-,1,1,6
599,600,2020-04-03,6:00 PM,Jammu and Kashmir,-,-,3,2,75
600,601,2020-04-03,6:00 PM,Jharkhand,-,-,0,0,2
601,602,2020-04-03,6:00 PM,Karnataka,-,-,10,3,124
602,603,2020-04-03,6:00 PM,Kerala,-,-,27,2,286
603,604,2020-04-03,6:00 PM,Ladakh,-,-,3,0,14
604,605,2020-04-03,6:00 PM,Madhya Pradesh,-,-,0,6,104
605,606,2020-04-03,6:00 PM,Maharashtra,-,-,42,16,335
606,607,2020-04-03,6:00 PM,Manipur,-,-,0,0,2
607,608,2020-04-03,6:00 PM,Mizoram,-,-,0,0,1
608,609,2020-04-03,6:00 PM,Odisha,-,-,0,0,5
609,610,2020-04-03,6:00 PM,Puducherry,-,-,1,0,5
610,611,2020-04-03,6:00 PM,Punjab,-,-,1,5,48
611,612,2020-04-03,6:00 PM,Rajasthan,-,-,3,0,167
612,613,2020-04-03,6:00 PM,Tamil Nadu,-,-,6,1,309
613,614,2020-04-03,6:00 PM,Telengana,-,-,1,7,158
614,615,2020-04-03,6:00 PM,Uttarakhand,-,-,2,0,10
615,616,2020-04-03,6:00 PM,Uttar Pradesh,-,-,14,2,172
616,617,2020-04-03,6:00 PM,West Bengal,-,-,3,3,63
617,618,2020-04-03,6:00 PM,Unassigned,-,-,0,0,77
618,619,2020-04-04,6:00 PM,Andhra Pradesh,-,-,1,1,161
619,620,2020-04-04,6:00 PM,Andaman and Nicobar Islands,-,-,0,0,10
620,621,2020-04-04,6:00 PM,Arunachal Pradesh,-,-,0,0,1
621,622,2020-04-04,6:00 PM,Assam,-,-,0,0,24
622,623,2020-04-04,6:00 PM,Bihar,-,-,0,1,30
623,624,2020-04-04,6:00 PM,Chandigarh,-,-,0,0,18
624,625,2020-04-04,6:00 PM,Chhattisgarh,-,-,3,0,9
625,626,2020-04-04,6:00 PM,Delhi,-,-,15,6,445
626,627,2020-04-04,6:00 PM,Goa,-,-,0,0,7
627,628,2020-04-04,6:00 PM,Gujarat,-,-,14,10,105
628,629,2020-04-04,6:00 PM,Haryana,-,-,24,0,49
629,630,2020-04-04,6:00 PM,Himachal Pradesh,-,-,1,1,6
630,631,2020-04-04,6:00 PM,Jammu and Kashmir,-,-,3,2,75
631,632,2020-04-04,6:00 PM,Jharkhand,-,-,0,0,2
632,633,2020-04-04,6:00 PM,Karnataka,-,-,12,3,128
633,634,2020-04-04,6:00 PM,Kerala,-,-,41,2,295
634,635,2020-04-04,6:00 PM,Ladakh,-,-,3,0,14
635,636,2020-04-04,6:00 PM,Madhya Pradesh,-,-,0,6,104
636,637,2020-04-04,6:00 PM,Maharashtra,-,-,42,24,490
637,638,2020-04-04,6:00 PM,Manipur,-,-,0,0,2
638,639,2020-04-04,6:00 PM,Mizoram,-,-,0,0,1
639,640,2020-04-04,6:00 PM,Odisha,-,-,0,0,5
640,641,2020-04-04,6:00 PM,Puducherry,-,-,1,0,5
641,642,2020-04-04,6:00 PM,Punjab,-,-,1,5,57
642,643,2020-04-04,6:00 PM,Rajasthan,-,-,21,0,200
643,644,2020-04-04,6:00 PM,Tamil Nadu,-,-,6,2,411
644,645,2020-04-04,6:00 PM,Telengana,-,-,1,7,159
645,646,2020-04-04,6:00 PM,Uttarakhand,-,-,2,0,16
646,647,2020-04-04,6:00 PM,Uttar Pradesh,-,-,19,2,174
647,648,2020-04-04,6:00 PM,West Bengal,-,-,3,3,69
648,649,2020-04-05,6:00 PM,Andhra Pradesh,-,-,1,1,190
649,650,2020-04-05,6:00 PM,Andaman and Nicobar Islands,-,-,0,0,10
650,651,2020-04-05,6:00 PM,Arunachal Pradesh,-,-,0,0,1
651,652,2020-04-05,6:00 PM,Assam,-,-,0,0,26
652,653,2020-04-05,6:00 PM,Bihar,-,-,0,1,30
653,654,2020-04-05,6:00 PM,Chandigarh,-,-,0,0,18
654,655,2020-04-05,6:00 PM,Chhattisgarh,-,-,3,0,9
655,656,2020-04-05,6:00 PM,Delhi,-,-,18,7,503
656,657,2020-04-05,6:00 PM,Goa,-,-,0,0,7
657,658,2020-04-05,6:00 PM,Gujarat,-,-,18,11,122
658,659,2020-04-05,6:00 PM,Haryana,-,-,25,1,59
659,660,2020-04-05,6:00 PM,Himachal Pradesh,-,-,1,1,6
660,661,2020-04-05,6:00 PM,Jammu and Kashmir,-,-,4,2,106
661,662,2020-04-05,6:00 PM,Jharkhand,-,-,0,0,3
662,663,2020-04-05,6:00 PM,Karnataka,-,-,12,4,144
663,664,2020-04-05,6:00 PM,Kerala,-,-,49,2,306
664,665,2020-04-05,6:00 PM,Ladakh,-,-,10,0,14
665,666,2020-04-05,6:00 PM,Madhya Pradesh,-,-,0,9,165
666,667,2020-04-05,6:00 PM,Maharashtra,-,-,42,24,490
667,668,2020-04-05,6:00 PM,Manipur,-,-,0,0,2
668,669,2020-04-05,6:00 PM,Mizoram,-,-,0,0,1
669,670,2020-04-05,6:00 PM,Odisha,-,-,0,0,20
670,671,2020-04-05,6:00 PM,Puducherry,-,-,1,0,5
671,672,2020-04-05,6:00 PM,Punjab,-,-,1,5,57
672,673,2020-04-05,6:00 PM,Rajasthan,-,-,21,0,200
673,674,2020-04-05,6:00 PM,Tamil Nadu,-,-,6,3,485
674,675,2020-04-05,6:00 PM,Telengana,-,-,32,7,269
675,676,2020-04-05,6:00 PM,Uttarakhand,-,-,2,0,22
676,677,2020-04-05,6:00 PM,Uttar Pradesh,-,-,19,2,227
677,678,2020-04-05,6:00 PM,West Bengal,-,-,10,3,80
678,679,2020-04-06,6:00 PM,Andhra Pradesh,-,-,1,3,226
679,680,2020-04-06,6:00 PM,Andaman and Nicobar Islands,-,-,0,0,10
680,681,2020-04-06,6:00 PM,Arunachal Pradesh,-,-,0,0,1
681,682,2020-04-06,6:00 PM,Assam,-,-,0,0,26
682,683,2020-04-06,6:00 PM,Bihar,-,-,0,1,32
683,684,2020-04-06,6:00 PM,Chandigarh,-,-,0,0,18
684,685,2020-04-06,6:00 PM,Chhattisgarh,-,-,8,0,10
685,686,2020-04-06,6:00 PM,Delhi,-,-,19,7,523
686,687,2020-04-06,6:00 PM,Goa,-,-,0,0,7
687,688,2020-04-06,6:00 PM,Gujarat,-,-,22,12,144
688,689,2020-04-06,6:00 PM,Haryana,-,-,25,1,84
689,690,2020-04-06,6:00 PM,Himachal Pradesh,-,-,2,1,13
690,691,2020-04-06,6:00 PM,Jammu and Kashmir,-,-,4,2,109
691,692,2020-04-06,6:00 PM,Jharkhand,-,-,0,0,4
692,693,2020-04-06,6:00 PM,Karnataka,-,-,12,4,151
693,694,2020-04-06,6:00 PM,Kerala,-,-,55,2,314
694,695,2020-04-06,6:00 PM,Ladakh,-,-,10,0,14
695,696,2020-04-06,6:00 PM,Madhya Pradesh,-,-,0,9,165
696,697,2020-04-06,6:00 PM,Maharashtra,-,-,56,45,748
697,698,2020-04-06,6:00 PM,Manipur,-,-,0,0,2
698,699,2020-04-06,6:00 PM,Mizoram,-,-,0,0,1
699,700,2020-04-06,6:00 PM,Odisha,-,-,2,0,21
700,701,2020-04-06,6:00 PM,Puducherry,-,-,1,0,5
701,702,2020-04-06,6:00 PM,Punjab,-,-,4,6,76
702,703,2020-04-06,6:00 PM,Rajasthan,-,-,21,0,274
703,704,2020-04-06,6:00 PM,Tamil Nadu,-,-,8,5,571
704,705,2020-04-06,6:00 PM,Telengana,-,-,34,7,321
705,706,2020-04-06,6:00 PM,Uttarakhand,-,-,4,0,26
706,707,2020-04-06,6:00 PM,Uttar Pradesh,-,-,21,3,305
707,708,2020-04-06,6:00 PM,West Bengal,-,-,10,3,80
708,709,2020-04-07,6:00 PM,Andhra Pradesh,-,-,1,3,266
709,710,2020-04-07,6:00 PM,Andaman and Nicobar Islands,-,-,0,0,10
710,711,2020-04-07,6:00 PM,Arunachal Pradesh,-,-,0,0,1
711,712,2020-04-07,6:00 PM,Assam,-,-,0,0,26
712,713,2020-04-07,6:00 PM,Bihar,-,-,0,1,32
713,714,2020-04-07,6:00 PM,Chandigarh,-,-,7,0,18
714,715,2020-04-07,6:00 PM,Chhattisgarh,-,-,9,0,10
715,716,2020-04-07,6:00 PM,Delhi,-,-,21,7,576
716,717,2020-04-07,6:00 PM,Goa,-,-,0,0,7
717,718,2020-04-07,6:00 PM,Gujarat,-,-,25,13,165
718,719,2020-04-07,6:00 PM,Haryana,-,-,25,1,90
719,720,2020-04-07,6:00 PM,Himachal Pradesh,-,-,2,1,13
720,721,2020-04-07,6:00 PM,Jammu and Kashmir,-,-,4,2,116
721,722,2020-04-07,6:00 PM,Jharkhand,-,-,0,0,4
722,723,2020-04-07,6:00 PM,Karnataka,-,-,25,4,175
723,724,2020-04-07,6:00 PM,Kerala,-,-,58,2,327
724,725,2020-04-07,6:00 PM,Ladakh,-,-,10,0,14
725,726,2020-04-07,6:00 PM,Madhya Pradesh,-,-,0,13,229
726,727,2020-04-07,6:00 PM,Maharashtra,-,-,56,48,868
727,728,2020-04-07,6:00 PM,Manipur,-,-,0,0,2
728,729,2020-04-07,6:00 PM,Mizoram,-,-,0,0,1
729,730,2020-04-07,6:00 PM,Odisha,-,-,2,1,42
730,731,2020-04-07,6:00 PM,Puducherry,-,-,1,0,5
731,732,2020-04-07,6:00 PM,Punjab,-,-,4,7,91
732,733,2020-04-07,6:00 PM,Rajasthan,-,-,21,3,288
733,734,2020-04-07,6:00 PM,Tamil Nadu,-,-,8,5,621
734,735,2020-04-07,6:00 PM,Telengana,-,-,35,7,364
735,736,2020-04-07,6:00 PM,Tripura,-,-,0,0,1
736,737,2020-04-07,6:00 PM,Uttarakhand,-,-,5,0,31
737,738,2020-04-07,6:00 PM,Uttar Pradesh,-,-,21,3,305
738,739,2020-04-07,6:00 PM,West Bengal,-,-,13,3,91
739,740,2020-04-08,5:00 PM,Andhra Pradesh,-,-,5,4,305
740,741,2020-04-08,5:00 PM,Andaman and Nicobar Islands,-,-,0,0,10
741,742,2020-04-08,5:00 PM,Arunachal Pradesh,-,-,0,0,1
742,743,2020-04-08,5:00 PM,Assam,-,-,0,0,27
743,744,2020-04-08,5:00 PM,Bihar,-,-,0,1,38
744,745,2020-04-08,5:00 PM,Chandigarh,-,-,7,0,18
745,746,2020-04-08,5:00 PM,Chhattisgarh,-,-,9,0,10
746,747,2020-04-08,5:00 PM,Delhi,-,-,21,9,576
747,748,2020-04-08,5:00 PM,Goa,-,-,0,0,7
748,749,2020-04-08,5:00 PM,Gujarat,-,-,25,13,165
749,750,2020-04-08,5:00 PM,Haryana,-,-,28,3,147
750,751,2020-04-08,5:00 PM,Himachal Pradesh,-,-,2,1,18
751,752,2020-04-08,5:00 PM,Jammu and Kashmir,-,-,4,2,116
752,753,2020-04-08,5:00 PM,Jharkhand,-,-,0,0,4
753,754,2020-04-08,5:00 PM,Karnataka,-,-,25,4,175
754,755,2020-04-08,5:00 PM,Kerala,-,-,70,2,336
755,756,2020-04-08,5:00 PM,Ladakh,-,-,10,0,14
756,757,2020-04-08,5:00 PM,Madhya Pradesh,-,-,0,13,229
757,758,2020-04-08,5:00 PM,Maharashtra,-,-,79,64,1018
758,759,2020-04-08,5:00 PM,Manipur,-,-,0,0,2
759,760,2020-04-08,5:00 PM,Mizoram,-,-,0,0,1
760,761,2020-04-08,5:00 PM,Odisha,-,-,2,1,42
761,762,2020-04-08,5:00 PM,Puducherry,-,-,1,0,5
762,763,2020-04-08,5:00 PM,Punjab,-,-,4,7,91
763,764,2020-04-08,5:00 PM,Rajasthan,-,-,21,3,328
764,765,2020-04-08,5:00 PM,Tamil Nadu,-,-,19,7,690
765,766,2020-04-08,5:00 PM,Telengana,-,-,35,7,427
766,767,2020-04-08,5:00 PM,Tripura,-,-,0,0,1
767,768,2020-04-08,5:00 PM,Uttarakhand,-,-,5,0,31
768,769,2020-04-08,5:00 PM,Uttar Pradesh,-,-,26,3,343
769,770,2020-04-08,5:00 PM,West Bengal,-,-,13,5,99
770,771,2020-04-09,5:00 PM,Andhra Pradesh,-,-,6,4,348
771,772,2020-04-09,5:00 PM,Andaman and Nicobar Islands,-,-,0,0,11
772,773,2020-04-09,5:00 PM,Arunachal Pradesh,-,-,0,0,1
773,774,2020-04-09,5:00 PM,Assam,-,-,0,0,28
774,775,2020-04-09,5:00 PM,Bihar,-,-,0,1,39
775,776,2020-04-09,5:00 PM,Chandigarh,-,-,7,0,18
776,777,2020-04-09,5:00 PM,Chhattisgarh,-,-,9,0,10
777,778,2020-04-09,5:00 PM,Delhi,-,-,21,9,669
778,779,2020-04-09,5:00 PM,Goa,-,-,0,0,7
779,780,2020-04-09,5:00 PM,Gujarat,-,-,25,16,179
780,781,2020-04-09,5:00 PM,Haryana,-,-,29,3,169
781,782,2020-04-09,5:00 PM,Himachal Pradesh,-,-,2,1,18
782,783,2020-04-09,5:00 PM,Jammu and Kashmir,-,-,4,4,158
783,784,2020-04-09,5:00 PM,Jharkhand,-,-,0,0,13
784,785,2020-04-09,5:00 PM,Karnataka,-,-,28,5,181
785,786,2020-04-09,5:00 PM,Kerala,-,-,83,2,345
786,787,2020-04-09,5:00 PM,Ladakh,-,-,10,0,14
787,788,2020-04-09,5:00 PM,Madhya Pradesh,-,-,0,16,259
788,789,2020-04-09,5:00 PM,Maharashtra,-,-,117,72,1135
789,790,2020-04-09,5:00 PM,Manipur,-,-,1,0,2
790,791,2020-04-09,5:00 PM,Mizoram,-,-,0,0,1
791,792,2020-04-09,5:00 PM,Odisha,-,-,2,1,42
792,793,2020-04-09,5:00 PM,Puducherry,-,-,1,0,5
793,794,2020-04-09,5:00 PM,Punjab,-,-,4,8,101
794,795,2020-04-09,5:00 PM,Rajasthan,-,-,21,3,383
795,796,2020-04-09,5:00 PM,Tamil Nadu,-,-,21,8,738
796,797,2020-04-09,5:00 PM,Telengana,-,-,35,7,442
797,798,2020-04-09,5:00 PM,Tripura,-,-,0,0,1
798,799,2020-04-09,5:00 PM,Uttarakhand,-,-,5,0,35
799,800,2020-04-09,5:00 PM,Uttar Pradesh,-,-,31,4,410
800,801,2020-04-09,5:00 PM,West Bengal,-,-,16,5,103
801,802,2020-04-10,5:00 PM,Andhra Pradesh,-,-,7,6,363
802,803,2020-04-10,5:00 PM,Andaman and Nicobar Islands,-,-,0,0,11
803,804,2020-04-10,5:00 PM,Arunachal Pradesh,-,-,0,0,1
804,805,2020-04-10,5:00 PM,Assam,-,-,0,0,29
805,806,2020-04-10,5:00 PM,Bihar,-,-,0,1,60
806,807,2020-04-10,5:00 PM,Chandigarh,-,-,7,0,18
807,808,2020-04-10,5:00 PM,Chhattisgarh,-,-,9,0,10
808,809,2020-04-10,5:00 PM,Delhi,-,-,25,13,898
809,810,2020-04-10,5:00 PM,Goa,-,-,1,0,7
810,811,2020-04-10,5:00 PM,Gujarat,-,-,26,17,241
811,812,2020-04-10,5:00 PM,Haryana,-,-,29,3,169
812,813,2020-04-10,5:00 PM,Himachal Pradesh,-,-,6,1,28
813,814,2020-04-10,5:00 PM,Jammu and Kashmir,-,-,6,4,184
814,815,2020-04-10,5:00 PM,Jharkhand,-,-,0,1,13
815,816,2020-04-10,5:00 PM,Karnataka,-,-,30,6,197
816,817,2020-04-10,5:00 PM,Kerala,-,-,96,2,357
817,818,2020-04-10,5:00 PM,Ladakh,-,-,10,0,15
818,819,2020-04-10,5:00 PM,Madhya Pradesh,-,-,0,16,259
819,820,2020-04-10,5:00 PM,Maharashtra,-,-,125,97,1364
820,821,2020-04-10,5:00 PM,Manipur,-,-,1,0,2
821,822,2020-04-10,5:00 PM,Mizoram,-,-,0,0,1
822,823,2020-04-10,5:00 PM,Odisha,-,-,2,1,44
823,824,2020-04-10,5:00 PM,Puducherry,-,-,1,0,5
824,825,2020-04-10,5:00 PM,Punjab,-,-,5,11,132
825,826,2020-04-10,5:00 PM,Rajasthan,-,-,21,3,463
826,827,2020-04-10,5:00 PM,Tamil Nadu,-,-,21,8,834
827,828,2020-04-10,5:00 PM,Telengana,-,-,35,7,473
828,829,2020-04-10,5:00 PM,Tripura,-,-,0,0,1
829,830,2020-04-10,5:00 PM,Uttarakhand,-,-,5,0,35
830,831,2020-04-10,5:00 PM,Uttar Pradesh,-,-,32,4,431
831,832,2020-04-10,5:00 PM,West Bengal,-,-,16,5,116
832,833,2020-04-11,5:00 PM,Andhra Pradesh,-,-,11,6,381
833,834,2020-04-11,5:00 PM,Andaman and Nicobar Islands,-,-,0,0,11
834,835,2020-04-11,5:00 PM,Arunachal Pradesh,-,-,0,0,1
835,836,2020-04-11,5:00 PM,Assam,-,-,0,1,29
836,837,2020-04-11,5:00 PM,Bihar,-,-,0,1,60
837,838,2020-04-11,5:00 PM,Chandigarh,-,-,7,0,18
838,839,2020-04-11,5:00 PM,Chhattisgarh,-,-,9,0,18
839,840,2020-04-11,5:00 PM,Delhi,-,-,25,14,903
840,841,2020-04-11,5:00 PM,Goa,-,-,1,0,7
841,842,2020-04-11,5:00 PM,Gujarat,-,-,31,19,308
842,843,2020-04-11,5:00 PM,Haryana,-,-,29,3,177
843,844,2020-04-11,5:00 PM,Himachal Pradesh,-,-,6,1,28
844,845,2020-04-11,5:00 PM,Jammu and Kashmir,-,-,6,4,207
845,846,2020-04-11,5:00 PM,Jharkhand,-,-,0,1,17
846,847,2020-04-11,5:00 PM,Karnataka,-,-,37,6,214
847,848,2020-04-11,5:00 PM,Kerala,-,-,123,2,364
848,849,2020-04-11,5:00 PM,Ladakh,-,-,10,0,15
849,850,2020-04-11,5:00 PM,Madhya Pradesh,-,-,0,33,443
850,851,2020-04-11,5:00 PM,Maharashtra,-,-,188,110,1574
851,852,2020-04-11,5:00 PM,Manipur,-,-,1,0,2
852,853,2020-04-11,5:00 PM,Mizoram,-,-,0,0,1
853,854,2020-04-11,5:00 PM,Odisha,-,-,2,1,48
854,855,2020-04-11,5:00 PM,Puducherry,-,-,1,0,7
855,856,2020-04-11,5:00 PM,Punjab,-,-,5,11,132
856,857,2020-04-11,5:00 PM,Rajasthan,-,-,21,3,553
857,858,2020-04-11,5:00 PM,Tamil Nadu,-,-,44,8,911
858,859,2020-04-11,5:00 PM,Telengana,-,-,43,9,504
859,860,2020-04-11,5:00 PM,Tripura,-,-,0,0,2
860,861,2020-04-11,5:00 PM,Uttarakhand,-,-,5,0,35
861,862,2020-04-11,5:00 PM,Uttar Pradesh,-,-,32,4,433
862,863,2020-04-11,5:00 PM,West Bengal,-,-,16,5,126
863,864,2020-04-12,5:00 PM,Andhra Pradesh,-,-,11,6,381
864,865,2020-04-12,5:00 PM,Andaman and Nicobar Islands,-,-,10,0,11
865,866,2020-04-12,5:00 PM,Arunachal Pradesh,-,-,0,0,1
866,867,2020-04-12,5:00 PM,Assam,-,-,0,1,29
867,868,2020-04-12,5:00 PM,Bihar,-,-,19,1,64
868,869,2020-04-12,5:00 PM,Chandigarh,-,-,7,0,19
869,870,2020-04-12,5:00 PM,Chhattisgarh,-,-,10,0,25
870,871,2020-04-12,5:00 PM,Delhi,-,-,25,19,1069
871,872,2020-04-12,5:00 PM,Goa,-,-,5,0,7
872,873,2020-04-12,5:00 PM,Gujarat,-,-,44,22,432
873,874,2020-04-12,5:00 PM,Haryana,-,-,29,3,185
874,875,2020-04-12,5:00 PM,Himachal Pradesh,-,-,6,1,32
875,876,2020-04-12,5:00 PM,Jammu and Kashmir,-,-,6,4,224
876,877,2020-04-12,5:00 PM,Jharkhand,-,-,0,1,17
877,878,2020-04-12,5:00 PM,Karnataka,-,-,37,6,226
878,879,2020-04-12,5:00 PM,Kerala,-,-,142,2,374
879,880,2020-04-12,5:00 PM,Ladakh,-,-,10,0,15
880,881,2020-04-12,5:00 PM,Madhya Pradesh,-,-,0,36,564
881,882,2020-04-12,5:00 PM,Maharashtra,-,-,208,127,1761
882,883,2020-04-12,5:00 PM,Manipur,-,-,1,0,2
883,884,2020-04-12,5:00 PM,Mizoram,-,-,0,0,1
884,885,2020-04-12,5:00 PM,Odisha,-,-,12,1,54
885,886,2020-04-12,5:00 PM,Puducherry,-,-,1,0,7
886,887,2020-04-12,5:00 PM,Punjab,-,-,5,11,151
887,888,2020-04-12,5:00 PM,Rajasthan,-,-,21,3,700
888,889,2020-04-12,5:00 PM,Tamil Nadu,-,-,44,10,969
889,890,2020-04-12,5:00 PM,Telengana,-,-,43,9,504
890,891,2020-04-12,5:00 PM,Tripura,-,-,0,0,2
891,892,2020-04-12,5:00 PM,Uttarakhand,-,-,5,0,35
892,893,2020-04-12,5:00 PM,Uttar Pradesh,-,-,45,5,452
893,894,2020-04-12,5:00 PM,West Bengal,-,-,19,5,134
894,895,2020-04-13,5:00 PM,Andhra Pradesh,-,-,11,7,432
895,896,2020-04-13,5:00 PM,Andaman and Nicobar Islands,-,-,10,0,11
896,897,2020-04-13,5:00 PM,Arunachal Pradesh,-,-,0,0,1
897,898,2020-04-13,5:00 PM,Assam,-,-,0,1,31
898,899,2020-04-13,5:00 PM,Bihar,-,-,26,1,64
899,900,2020-04-13,5:00 PM,Chandigarh,-,-,7,0,21
900,901,2020-04-13,5:00 PM,Chhattisgarh,-,-,10,0,31
901,902,2020-04-13,5:00 PM,Delhi,-,-,27,24,1154
902,903,2020-04-13,5:00 PM,Goa,-,-,5,0,7
903,904,2020-04-13,5:00 PM,Gujarat,-,-,47,26,539
904,905,2020-04-13,5:00 PM,Haryana,-,-,29,3,185
905,906,2020-04-13,5:00 PM,Himachal Pradesh,-,-,13,1,32
906,907,2020-04-13,5:00 PM,Jammu and Kashmir,-,-,6,4,245
907,908,2020-04-13,5:00 PM,Jharkhand,-,-,0,2,19
908,909,2020-04-13,5:00 PM,Karnataka,-,-,59,6,247
909,910,2020-04-13,5:00 PM,Kerala,-,-,179,3,376
910,911,2020-04-13,5:00 PM,Ladakh,-,-,10,0,15
911,912,2020-04-13,5:00 PM,Madhya Pradesh,-,-,44,43,604
912,913,2020-04-13,5:00 PM,Maharashtra,-,-,217,149,1985
913,914,2020-04-13,5:00 PM,Manipur,-,-,1,0,2
914,915,2020-04-13,5:00 PM,Mizoram,-,-,0,0,1
915,916,2020-04-13,5:00 PM,Nagaland,-,-,0,0,1
916,917,2020-04-13,5:00 PM,Odisha,-,-,12,1,54
917,918,2020-04-13,5:00 PM,Puducherry,-,-,1,0,7
918,919,2020-04-13,5:00 PM,Punjab,-,-,14,11,167
919,920,2020-04-13,5:00 PM,Rajasthan,-,-,21,3,812
920,921,2020-04-13,5:00 PM,Tamil Nadu,-,-,50,11,1075
921,922,2020-04-13,5:00 PM,Telengana,-,-,100,16,562
922,923,2020-04-13,5:00 PM,Tripura,-,-,0,0,2
923,924,2020-04-13,5:00 PM,Uttarakhand,-,-,5,0,35
924,925,2020-04-13,5:00 PM,Uttar Pradesh,-,-,47,5,483
925,926,2020-04-13,5:00 PM,West Bengal,-,-,29,7,152
926,927,2020-04-14,5:00 PM,Andhra Pradesh,-,-,14,9,473
927,928,2020-04-14,5:00 PM,Andaman and Nicobar Islands,-,-,10,0,11
928,929,2020-04-14,5:00 PM,Arunachal Pradesh,-,-,0,0,1
929,930,2020-04-14,5:00 PM,Assam,-,-,0,1,31
930,931,2020-04-14,5:00 PM,Bihar,-,-,26,1,66
931,932,2020-04-14,5:00 PM,Chandigarh,-,-,7,0,21
932,933,2020-04-14,5:00 PM,Chhattisgarh,-,-,10,0,31
933,934,2020-04-14,5:00 PM,Delhi,-,-,30,28,1510
934,935,2020-04-14,5:00 PM,Goa,-,-,5,0,7
935,936,2020-04-14,5:00 PM,Gujarat,-,-,55,26,617
936,937,2020-04-14,5:00 PM,Haryana,-,-,34,3,199
937,938,2020-04-14,5:00 PM,Himachal Pradesh,-,-,13,1,32
938,939,2020-04-14,5:00 PM,Jammu and Kashmir,-,-,16,4,270
939,940,2020-04-14,5:00 PM,Jharkhand,-,-,0,2,24
940,941,2020-04-14,5:00 PM,Karnataka,-,-,65,9,258
941,942,2020-04-14,5:00 PM,Kerala,-,-,198,3,379
942,943,2020-04-14,5:00 PM,Ladakh,-,-,10,0,15
943,944,2020-04-14,5:00 PM,Madhya Pradesh,-,-,51,50,730
944,945,2020-04-14,5:00 PM,Maharashtra,-,-,229,160,2337
945,946,2020-04-14,5:00 PM,Manipur,-,-,1,0,2
946,947,2020-04-14,5:00 PM,Meghalaya,-,-,0,0,1
947,948,2020-04-14,5:00 PM,Mizoram,-,-,0,0,1
948,949,2020-04-14,5:00 PM,Nagaland,-,-,0,0,1
949,950,2020-04-14,5:00 PM,Odisha,-,-,18,1,55
950,951,2020-04-14,5:00 PM,Puducherry,-,-,1,0,7
951,952,2020-04-14,5:00 PM,Punjab,-,-,14,12,176
952,953,2020-04-14,5:00 PM,Rajasthan,-,-,133,3,879
953,954,2020-04-14,5:00 PM,Tamil Nadu,-,-,58,11,1173
954,955,2020-04-14,5:00 PM,Telengana,-,-,100,17,624
955,956,2020-04-14,5:00 PM,Tripura,-,-,0,0,2
956,957,2020-04-14,5:00 PM,Uttarakhand,-,-,7,0,35
957,958,2020-04-14,5:00 PM,Uttar Pradesh,-,-,49,5,657
958,959,2020-04-14,5:00 PM,West Bengal,-,-,36,7,190
959,960,2020-04-15,5:00 PM,Andaman and Nicobar Islands,-,-,10,0,11
960,961,2020-04-15,5:00 PM,Andhra Pradesh,-,-,16,9,503
961,962,2020-04-15,5:00 PM,Arunachal Pradesh,-,-,0,0,1
962,963,2020-04-15,5:00 PM,Assam,-,-,0,1,33
963,964,2020-04-15,5:00 PM,Bihar,-,-,29,1,70
964,965,2020-04-15,5:00 PM,Chandigarh,-,-,7,0,21
965,966,2020-04-15,5:00 PM,Chhattisgarh,-,-,13,0,33
966,967,2020-04-15,5:00 PM,Delhi,-,-,30,30,1561
967,968,2020-04-15,5:00 PM,Goa,-,-,5,0,7
968,969,2020-04-15,5:00 PM,Gujarat,-,-,59,30,695
969,970,2020-04-15,5:00 PM,Haryana,-,-,34,3,199
970,971,2020-04-15,5:00 PM,Himachal Pradesh,-,-,13,1,33
971,972,2020-04-15,5:00 PM,Jammu and Kashmir,-,-,30,4,278
972,973,2020-04-15,5:00 PM,Jharkhand,-,-,0,2,27
973,974,2020-04-15,5:00 PM,Karnataka,-,-,75,11,277
974,975,2020-04-15,5:00 PM,Kerala,-,-,211,3,387
975,976,2020-04-15,5:00 PM,Ladakh,-,-,10,0,17
976,977,2020-04-15,5:00 PM,Madhya Pradesh,-,-,64,53,987
977,978,2020-04-15,5:00 PM,Maharashtra,-,-,259,178,2687
978,979,2020-04-15,5:00 PM,Manipur,-,-,1,0,2
979,980,2020-04-15,5:00 PM,Meghalaya,-,-,0,1,7
980,981,2020-04-15,5:00 PM,Mizoram,-,-,0,0,1
981,982,2020-04-15,5:00 PM,Nagaland#,-,-,0,0,0
982,983,2020-04-15,5:00 PM,Odisha,-,-,18,1,60
983,984,2020-04-15,5:00 PM,Puducherry,-,-,1,0,7
984,985,2020-04-15,5:00 PM,Punjab,-,-,14,13,186
985,986,2020-04-15,5:00 PM,Rajasthan,-,-,147,3,1005
986,987,2020-04-15,5:00 PM,Tamil Nadu,-,-,81,12,1204
987,988,2020-04-15,5:00 PM,Telengana,-,-,120,18,647
988,989,2020-04-15,5:00 PM,Tripura,-,-,0,0,2
989,990,2020-04-15,5:00 PM,Uttarakhand,-,-,9,0,37
990,991,2020-04-15,5:00 PM,Uttar Pradesh,-,-,51,11,735
991,992,2020-04-15,5:00 PM,West Bengal,-,-,37,7,213
992,993,2020-04-16,5:00 PM,Andaman and Nicobar Islands,-,-,10,0,11
993,994,2020-04-16,5:00 PM,Andhra Pradesh,-,-,20,14,534
994,995,2020-04-16,5:00 PM,Arunachal Pradesh,-,-,0,0,1
995,996,2020-04-16,5:00 PM,Assam,-,-,5,1,33
996,997,2020-04-16,5:00 PM,Bihar,-,-,29,1,74
997,998,2020-04-16,5:00 PM,Chandigarh,-,-,7,0,21
998,999,2020-04-16,5:00 PM,Chhattisgarh,-,-,17,0,33
999,1000,2020-04-16,5:00 PM,Delhi,-,-,42,32,1578
1000,1001,2020-04-16,5:00 PM,Goa,-,-,5,0,7
1001,1002,2020-04-16,5:00 PM,Gujarat,-,-,64,36,871
1002,1003,2020-04-16,5:00 PM,Haryana,-,-,43,3,205
1003,1004,2020-04-16,5:00 PM,Himachal Pradesh,-,-,16,1,35
1004,1005,2020-04-16,5:00 PM,Jammu and Kashmir,-,-,36,4,300
1005,1006,2020-04-16,5:00 PM,Jharkhand,-,-,0,2,28
1006,1007,2020-04-16,5:00 PM,Karnataka,-,-,82,13,315
1007,1008,2020-04-16,5:00 PM,Kerala,-,-,218,3,388
1008,1009,2020-04-16,5:00 PM,Ladakh,-,-,10,0,17
1009,1010,2020-04-16,5:00 PM,Madhya Pradesh,-,-,64,53,1120
1010,1011,2020-04-16,5:00 PM,Maharashtra,-,-,295,187,2919
1011,1012,2020-04-16,5:00 PM,Manipur,-,-,1,0,2
1012,1013,2020-04-16,5:00 PM,Meghalaya,-,-,0,1,7
1013,1014,2020-04-16,5:00 PM,Mizoram,-,-,0,0,1
1014,1015,2020-04-16,5:00 PM,Nagaland#,-,-,0,0,0
1015,1016,2020-04-16,5:00 PM,Odisha,-,-,18,1,60
1016,1017,2020-04-16,5:00 PM,Puducherry,-,-,1,0,7
1017,1018,2020-04-16,5:00 PM,Punjab,-,-,27,13,186
1018,1019,2020-04-16,5:00 PM,Rajasthan,-,-,147,3,1023
1019,1020,2020-04-16,5:00 PM,Tamil Nadu,-,-,118,14,1242
1020,1021,2020-04-16,5:00 PM,Telengana,-,-,120,18,698
1021,1022,2020-04-16,5:00 PM,Tripura,-,-,1,0,2
1022,1023,2020-04-16,5:00 PM,Uttarakhand,-,-,9,0,37
1023,1024,2020-04-16,5:00 PM,Uttar Pradesh,-,-,68,13,773
1024,1025,2020-04-16,5:00 PM,West Bengal,-,-,42,7,231
1025,1026,2020-04-17,5:00 PM,Andaman and Nicobar Islands,-,-,10,0,11
1026,1027,2020-04-17,5:00 PM,Andhra Pradesh,-,-,36,14,572
1027,1028,2020-04-17,5:00 PM,Arunachal Pradesh,-,-,0,0,1
1028,1029,2020-04-17,5:00 PM,Assam,-,-,5,1,35
1029,1030,2020-04-17,5:00 PM,Bihar,-,-,37,1,83
1030,1031,2020-04-17,5:00 PM,Chandigarh,-,-,9,0,21
1031,1032,2020-04-17,5:00 PM,Chhattisgarh,-,-,23,0,36
1032,1033,2020-04-17,5:00 PM,Delhi,-,-,51,38,1640
1033,1034,2020-04-17,5:00 PM,Goa,-,-,6,0,7
1034,1035,2020-04-17,5:00 PM,Gujarat,-,-,74,38,1021
1035,1036,2020-04-17,5:00 PM,Haryana,-,-,43,3,205
1036,1037,2020-04-17,5:00 PM,Himachal Pradesh,-,-,16,1,35
1037,1038,2020-04-17,5:00 PM,Jammu and Kashmir,-,-,38,4,314
1038,1039,2020-04-17,5:00 PM,Jharkhand,-,-,0,2,29
1039,1040,2020-04-17,5:00 PM,Karnataka,-,-,82,13,353
1040,1041,2020-04-17,5:00 PM,Kerala,-,-,245,3,395
1041,1042,2020-04-17,5:00 PM,Ladakh,-,-,14,0,18
1042,1043,2020-04-17,5:00 PM,Madhya Pradesh,-,-,65,57,1308
1043,1044,2020-04-17,5:00 PM,Maharashtra,-,-,300,194,3205
1044,1045,2020-04-17,5:00 PM,Manipur,-,-,1,0,2
1045,1046,2020-04-17,5:00 PM,Meghalaya,-,-,0,1,9
1046,1047,2020-04-17,5:00 PM,Mizoram,-,-,0,0,1
1047,1048,2020-04-17,5:00 PM,Nagaland#,-,-,0,0,0
1048,1049,2020-04-17,5:00 PM,Odisha,-,-,19,1,60
1049,1050,2020-04-17,5:00 PM,Puducherry,-,-,1,0,7
1050,1051,2020-04-17,5:00 PM,Punjab,-,-,27,13,186
1051,1052,2020-04-17,5:00 PM,Rajasthan,-,-,164,11,1131
1052,1053,2020-04-17,5:00 PM,Tamil Nadu,-,-,180,15,1267
1053,1054,2020-04-17,5:00 PM,Telengana,-,-,186,18,743
1054,1055,2020-04-17,5:00 PM,Tripura,-,-,1,0,2
1055,1056,2020-04-17,5:00 PM,Uttarakhand,-,-,9,0,37
1056,1057,2020-04-17,5:00 PM,Uttar Pradesh,-,-,74,14,846
1057,1058,2020-04-17,5:00 PM,West Bengal,-,-,51,10,255
1058,1059,2020-04-18,5:00 PM,Andaman and Nicobar Islands,-,-,11,0,12
1059,1060,2020-04-18,5:00 PM,Andhra Pradesh,-,-,42,15,603
1060,1061,2020-04-18,5:00 PM,Arunachal Pradesh,-,-,0,0,1
1061,1062,2020-04-18,5:00 PM,Assam,-,-,9,1,35
1062,1063,2020-04-18,5:00 PM,Bihar,-,-,37,2,85
1063,1064,2020-04-18,5:00 PM,Chandigarh,-,-,9,0,21
1064,1065,2020-04-18,5:00 PM,Chhattisgarh,-,-,24,0,36
1065,1066,2020-04-18,5:00 PM,Delhi,-,-,72,42,1707
1066,1067,2020-04-18,5:00 PM,Goa,-,-,6,0,7
1067,1068,2020-04-18,5:00 PM,Gujarat,-,-,88,48,1272
1068,1069,2020-04-18,5:00 PM,Haryana,-,-,43,3,225
1069,1070,2020-04-18,5:00 PM,Himachal Pradesh,-,-,16,1,38
1070,1071,2020-04-18,5:00 PM,Jammu and Kashmir,-,-,42,5,328
1071,1072,2020-04-18,5:00 PM,Jharkhand,-,-,0,2,33
1072,1073,2020-04-18,5:00 PM,Karnataka,-,-,92,13,371
1073,1074,2020-04-18,5:00 PM,Kerala,-,-,255,3,396
1074,1075,2020-04-18,5:00 PM,Ladakh,-,-,14,0,18
1075,1076,2020-04-18,5:00 PM,Madhya Pradesh,-,-,69,69,1355
1076,1077,2020-04-18,5:00 PM,Maharashtra,-,-,331,201,3323
1077,1078,2020-04-18,5:00 PM,Manipur,-,-,1,0,2
1078,1079,2020-04-18,5:00 PM,Meghalaya,-,-,0,1,11
1079,1080,2020-04-18,5:00 PM,Mizoram,-,-,0,0,1
1080,1081,2020-04-18,5:00 PM,Nagaland#,-,-,0,0,0
1081,1082,2020-04-18,5:00 PM,Odisha,-,-,21,1,60
1082,1083,2020-04-18,5:00 PM,Puducherry,-,-,3,0,7
1083,1084,2020-04-18,5:00 PM,Punjab,-,-,27,13,202
1084,1085,2020-04-18,5:00 PM,Rajasthan,-,-,183,11,1229
1085,1086,2020-04-18,5:00 PM,Tamil Nadu,-,-,283,15,1323
1086,1087,2020-04-18,5:00 PM,Telengana,-,-,186,18,791
1087,1088,2020-04-18,5:00 PM,Tripura,-,-,1,0,2
1088,1089,2020-04-18,5:00 PM,Uttarakhand,-,-,9,0,42
1089,1090,2020-04-18,5:00 PM,Uttar Pradesh,-,-,86,14,969
1090,1091,2020-04-18,5:00 PM,West Bengal,-,-,55,10,287
1091,1092,2020-04-19,5:00 PM,Andaman and Nicobar Islands,-,-,11,0,14
1092,1093,2020-04-19,5:00 PM,Andhra Pradesh,-,-,42,15,603
1093,1094,2020-04-19,5:00 PM,Arunachal Pradesh,-,-,0,0,1
1094,1095,2020-04-19,5:00 PM,Assam,-,-,12,1,35
1095,1096,2020-04-19,5:00 PM,Bihar,-,-,37,2,86
1096,1097,2020-04-19,5:00 PM,Chandigarh,-,-,10,0,23
1097,1098,2020-04-19,5:00 PM,Chhattisgarh,-,-,24,0,36
1098,1099,2020-04-19,5:00 PM,Delhi,-,-,72,43,1893
1099,1100,2020-04-19,5:00 PM,Goa,-,-,6,0,7
1100,1101,2020-04-19,5:00 PM,Gujarat,-,-,94,58,1604
1101,1102,2020-04-19,5:00 PM,Haryana,-,-,87,3,233
1102,1103,2020-04-19,5:00 PM,Himachal Pradesh,-,-,16,1,39
1103,1104,2020-04-19,5:00 PM,Jammu and Kashmir,-,-,51,5,341
1104,1105,2020-04-19,5:00 PM,Jharkhand,-,-,0,2,35
1105,1106,2020-04-19,5:00 PM,Karnataka,-,-,104,14,384
1106,1107,2020-04-19,5:00 PM,Kerala,-,-,257,3,400
1107,1108,2020-04-19,5:00 PM,Ladakh,-,-,14,0,18
1108,1109,2020-04-19,5:00 PM,Madhya Pradesh,-,-,127,70,1407
1109,1110,2020-04-19,5:00 PM,Maharashtra,-,-,365,211,3651
1110,1111,2020-04-19,5:00 PM,Manipur,-,-,1,0,2
1111,1112,2020-04-19,5:00 PM,Meghalaya,-,-,0,1,11
1112,1113,2020-04-19,5:00 PM,Mizoram,-,-,0,0,1
1113,1114,2020-04-19,5:00 PM,Nagaland#,-,-,0,0,0
1114,1115,2020-04-19,5:00 PM,Odisha,-,-,24,1,61
1115,1116,2020-04-19,5:00 PM,Puducherry,-,-,3,0,7
1116,1117,2020-04-19,5:00 PM,Punjab,-,-,31,16,219
1117,1118,2020-04-19,5:00 PM,Rajasthan,-,-,183,11,1351
1118,1119,2020-04-19,5:00 PM,Tamil Nadu,-,-,365,15,1372
1119,1120,2020-04-19,5:00 PM,Telengana,-,-,186,18,844
1120,1121,2020-04-19,5:00 PM,Tripura,-,-,1,0,2
1121,1122,2020-04-19,5:00 PM,Uttarakhand,-,-,9,0,42
1122,1123,2020-04-19,5:00 PM,Uttar Pradesh,-,-,108,17,1084
1123,1124,2020-04-19,5:00 PM,West Bengal,-,-,62,12,310
1124,1125,2020-04-20,5:00 PM,Andaman and Nicobar Islands,-,-,11,0,15
1125,1126,2020-04-20,5:00 PM,Andhra Pradesh,-,-,92,20,722
1126,1127,2020-04-20,5:00 PM,Arunachal Pradesh,-,-,0,0,1
1127,1128,2020-04-20,5:00 PM,Assam,-,-,17,1,35
1128,1129,2020-04-20,5:00 PM,Bihar,-,-,42,2,96
1129,1130,2020-04-20,5:00 PM,Chandigarh,-,-,13,0,26
1130,1131,2020-04-20,5:00 PM,Chhattisgarh,-,-,25,0,36
1131,1132,2020-04-20,5:00 PM,Delhi,-,-,290,45,2003
1132,1133,2020-04-20,5:00 PM,Goa,-,-,7,0,7
1133,1134,2020-04-20,5:00 PM,Gujarat,-,-,106,67,1851
1134,1135,2020-04-20,5:00 PM,Haryana,-,-,87,3,233
1135,1136,2020-04-20,5:00 PM,Himachal Pradesh,-,-,16,1,39
1136,1137,2020-04-20,5:00 PM,Jammu and Kashmir,-,-,56,5,350
1137,1138,2020-04-20,5:00 PM,Jharkhand,-,-,0,2,42
1138,1139,2020-04-20,5:00 PM,Karnataka,-,-,111,16,395
1139,1140,2020-04-20,5:00 PM,Kerala,-,-,270,3,402
1140,1141,2020-04-20,5:00 PM,Ladakh,-,-,14,0,18
1141,1142,2020-04-20,5:00 PM,Madhya Pradesh,-,-,127,74,1485
1142,1143,2020-04-20,5:00 PM,Maharashtra,-,-,507,223,4203
1143,1144,2020-04-20,5:00 PM,Manipur,-,-,2,0,2
1144,1145,2020-04-20,5:00 PM,Meghalaya,-,-,0,1,11
1145,1146,2020-04-20,5:00 PM,Mizoram,-,-,0,0,1
1146,1147,2020-04-20,5:00 PM,Nagaland,-,-,0,0,0
1147,1148,2020-04-20,5:00 PM,Odisha,-,-,24,1,68
1148,1149,2020-04-20,5:00 PM,Puducherry,-,-,3,0,7
1149,1150,2020-04-20,5:00 PM,Punjab,-,-,31,16,219
1150,1151,2020-04-20,5:00 PM,Rajasthan,-,-,183,14,1478
1151,1152,2020-04-20,5:00 PM,Tamil Nadu,-,-,411,15,1477
1152,1153,2020-04-20,5:00 PM,Telengana,-,-,190,21,873
1153,1154,2020-04-20,5:00 PM,Tripura,-,-,1,0,2
1154,1155,2020-04-20,5:00 PM,Uttarakhand,-,-,11,0,44
1155,1156,2020-04-20,5:00 PM,Uttar Pradesh,-,-,129,17,1176
1156,1157,2020-04-20,5:00 PM,West Bengal,-,-,66,12,339
1157,1158,2020-04-21,5:00 PM,Andaman and Nicobar Islands,-,-,11,0,16
1158,1159,2020-04-21,5:00 PM,Andhra Pradesh,-,-,96,22,757
1159,1160,2020-04-21,5:00 PM,Arunachal Pradesh,-,-,1,0,1
1160,1161,2020-04-21,5:00 PM,Assam,-,-,19,1,35
1161,1162,2020-04-21,5:00 PM,Bihar,-,-,42,2,114
1162,1163,2020-04-21,5:00 PM,Chandigarh,-,-,13,0,26
1163,1164,2020-04-21,5:00 PM,Chhattisgarh,-,-,25,0,36
1164,1165,2020-04-21,5:00 PM,Delhi,-,-,431,47,2081
1165,1166,2020-04-21,5:00 PM,Goa,-,-,7,0,7
1166,1167,2020-04-21,5:00 PM,Gujarat,-,-,131,77,2066
1167,1168,2020-04-21,5:00 PM,Haryana,-,-,127,3,254
1168,1169,2020-04-21,5:00 PM,Himachal Pradesh,-,-,16,1,39
1169,1170,2020-04-21,5:00 PM,Jammu and Kashmir,-,-,71,5,368
1170,1171,2020-04-21,5:00 PM,Jharkhand,-,-,0,2,46
1171,1172,2020-04-21,5:00 PM,Karnataka,-,-,114,17,415
1172,1173,2020-04-21,5:00 PM,Kerala,-,-,291,3,408
1173,1174,2020-04-21,5:00 PM,Ladakh,-,-,14,0,18
1174,1175,2020-04-21,5:00 PM,Madhya Pradesh,-,-,127,76,1540
1175,1176,2020-04-21,5:00 PM,Maharashtra,-,-,572,232,4669
1176,1177,2020-04-21,5:00 PM,Manipur,-,-,2,0,2
1177,1178,2020-04-21,5:00 PM,Meghalaya,-,-,0,1,11
1178,1179,2020-04-21,5:00 PM,Mizoram,-,-,0,0,1
1179,1180,2020-04-21,5:00 PM,Nagaland,-,-,0,0,0
1180,1181,2020-04-21,5:00 PM,Odisha,-,-,24,1,74
1181,1182,2020-04-21,5:00 PM,Puducherry,-,-,3,0,7
1182,1183,2020-04-21,5:00 PM,Punjab,-,-,39,16,245
1183,1184,2020-04-21,5:00 PM,Rajasthan,-,-,205,25,1576
1184,1185,2020-04-21,5:00 PM,Tamil Nadu,-,-,457,17,1520
1185,1186,2020-04-21,5:00 PM,Telengana,-,-,190,23,919
1186,1187,2020-04-21,5:00 PM,Tripura,-,-,1,0,2
1187,1188,2020-04-21,5:00 PM,Uttarakhand,-,-,18,0,46
1188,1189,2020-04-21,5:00 PM,Uttar Pradesh,-,-,140,20,1294
1189,1190,2020-04-21,5:00 PM,West Bengal,-,-,73,12,392
1190,1191,2020-04-22,5:00 PM,Andaman and Nicobar Islands,-,-,11,0,17
1191,1192,2020-04-22,5:00 PM,Andhra Pradesh,-,-,120,24,813
1192,1193,2020-04-22,5:00 PM,Arunachal Pradesh,-,-,1,0,1
1193,1194,2020-04-22,5:00 PM,Assam,-,-,19,1,35
1194,1195,2020-04-22,5:00 PM,Bihar,-,-,46,2,126
1195,1196,2020-04-22,5:00 PM,Chandigarh,-,-,14,0,27
1196,1197,2020-04-22,5:00 PM,Chhattisgarh,-,-,26,0,36
1197,1198,2020-04-22,5:00 PM,Delhi,-,-,611,47,2156
1198,1199,2020-04-22,5:00 PM,Goa,-,-,7,0,7
1199,1200,2020-04-22,5:00 PM,Gujarat,-,-,144,95,2272
1200,1201,2020-04-22,5:00 PM,Haryana,-,-,127,3,254
1201,1202,2020-04-22,5:00 PM,Himachal Pradesh,-,-,16,1,39
1202,1203,2020-04-22,5:00 PM,Jammu and Kashmir,-,-,81,5,380
1203,1204,2020-04-22,5:00 PM,Jharkhand#,-,-,0,3,45
1204,1205,2020-04-22,5:00 PM,Karnataka,-,-,129,17,425
1205,1206,2020-04-22,5:00 PM,Kerala,-,-,323,3,427
1206,1207,2020-04-22,5:00 PM,Ladakh,-,-,14,0,18
1207,1208,2020-04-22,5:00 PM,Madhya Pradesh,-,-,148,80,1592
1208,1209,2020-04-22,5:00 PM,Maharashtra,-,-,722,251,5221
1209,1210,2020-04-22,5:00 PM,Manipur,-,-,2,0,2
1210,1211,2020-04-22,5:00 PM,Meghalaya,-,-,0,1,12
1211,1212,2020-04-22,5:00 PM,Mizoram,-,-,0,0,1
1212,1213,2020-04-22,5:00 PM,Odisha,-,-,30,1,82
1213,1214,2020-04-22,5:00 PM,Puducherry,-,-,3,0,7
1214,1215,2020-04-22,5:00 PM,Punjab,-,-,49,16,251
1215,1216,2020-04-22,5:00 PM,Rajasthan,-,-,230,25,1801
1216,1217,2020-04-22,5:00 PM,Tamil Nadu,-,-,635,18,1596
1217,1218,2020-04-22,5:00 PM,Telengana,-,-,194,23,945
1218,1219,2020-04-22,5:00 PM,Tripura,-,-,1,0,2
1219,1220,2020-04-22,5:00 PM,Uttarakhand,-,-,19,0,46
1220,1221,2020-04-22,5:00 PM,Uttar Pradesh,-,-,165,21,1412
1221,1222,2020-04-22,5:00 PM,West Bengal,-,-,73,15,423
1222,1223,2020-04-23,5:00 PM,Andaman and Nicobar Islands,-,-,11,0,18
1223,1224,2020-04-23,5:00 PM,Andhra Pradesh,-,-,141,27,895
1224,1225,2020-04-23,5:00 PM,Arunachal Pradesh,-,-,1,0,1
1225,1226,2020-04-23,5:00 PM,Assam,-,-,19,1,35
1226,1227,2020-04-23,5:00 PM,Bihar,-,-,46,2,148
1227,1228,2020-04-23,5:00 PM,Chandigarh,-,-,14,0,27
1228,1229,2020-04-23,5:00 PM,Chhattisgarh,-,-,28,0,36
1229,1230,2020-04-23,5:00 PM,Delhi,-,-,724,48,2248
1230,1231,2020-04-23,5:00 PM,Goa,-,-,7,0,7
1231,1232,2020-04-23,5:00 PM,Gujarat,-,-,179,103,2407
1232,1233,2020-04-23,5:00 PM,Haryana,-,-,140,3,262
1233,1234,2020-04-23,5:00 PM,Himachal Pradesh,-,-,18,1,40
1234,1235,2020-04-23,5:00 PM,Jammu and Kashmir,-,-,92,5,407
1235,1236,2020-04-23,5:00 PM,Jharkhand,-,-,8,3,49
1236,1237,2020-04-23,5:00 PM,Karnataka,-,-,141,17,443
1237,1238,2020-04-23,5:00 PM,Kerala,-,-,324,3,438
1238,1239,2020-04-23,5:00 PM,Ladakh,-,-,14,0,18
1239,1240,2020-04-23,5:00 PM,Madhya Pradesh,-,-,148,81,1695
1240,1241,2020-04-23,5:00 PM,Maharashtra,-,-,789,269,5652
1241,1242,2020-04-23,5:00 PM,Manipur,-,-,2,0,2
1242,1243,2020-04-23,5:00 PM,Meghalaya,-,-,0,1,12
1243,1244,2020-04-23,5:00 PM,Mizoram,-,-,0,0,1
1244,1245,2020-04-23,5:00 PM,Odisha,-,-,32,1,83
1245,1246,2020-04-23,5:00 PM,Puducherry,-,-,3,0,7
1246,1247,2020-04-23,5:00 PM,Punjab,-,-,65,16,277
1247,1248,2020-04-23,5:00 PM,Rajasthan,-,-,230,27,1890
1248,1249,2020-04-23,5:00 PM,Tamil Nadu,-,-,662,18,1629
1249,1250,2020-04-23,5:00 PM,Telengana,-,-,197,24,960
1250,1251,2020-04-23,5:00 PM,Tripura,-,-,1,0,2
1251,1252,2020-04-23,5:00 PM,Uttarakhand,-,-,23,0,46
1252,1253,2020-04-23,5:00 PM,Uttar Pradesh,-,-,187,21,1509
1253,1254,2020-04-23,5:00 PM,West Bengal,-,-,79,15,456
1254,1255,2020-04-24,5:00 PM,Andaman and Nicobar Islands,-,-,11,0,22
1255,1256,2020-04-24,5:00 PM,Andhra Pradesh,-,-,145,29,955
1256,1257,2020-04-24,5:00 PM,Arunachal Pradesh,-,-,1,0,1
1257,1258,2020-04-24,5:00 PM,Assam,-,-,19,1,36
1258,1259,2020-04-24,5:00 PM,Bihar,-,-,46,2,176
1259,1260,2020-04-24,5:00 PM,Chandigarh,-,-,14,0,27
1260,1261,2020-04-24,5:00 PM,Chhattisgarh,-,-,28,0,36
1261,1262,2020-04-24,5:00 PM,Delhi,-,-,808,50,2376
1262,1263,2020-04-24,5:00 PM,Goa,-,-,7,0,7
1263,1264,2020-04-24,5:00 PM,Gujarat,-,-,258,112,2624
1264,1265,2020-04-24,5:00 PM,Haryana,-,-,156,3,272
1265,1266,2020-04-24,5:00 PM,Himachal Pradesh,-,-,18,1,40
1266,1267,2020-04-24,5:00 PM,Jammu and Kashmir,-,-,92,5,427
1267,1268,2020-04-24,5:00 PM,Jharkhand,-,-,8,3,55
1268,1269,2020-04-24,5:00 PM,Karnataka,-,-,150,18,463
1269,1270,2020-04-24,5:00 PM,Kerala,-,-,324,3,448
1270,1271,2020-04-24,5:00 PM,Ladakh,-,-,14,0,18
1271,1272,2020-04-24,5:00 PM,Madhya Pradesh,-,-,203,83,1852
1272,1273,2020-04-24,5:00 PM,Maharashtra,-,-,840,283,6430
1273,1274,2020-04-24,5:00 PM,Manipur,-,-,2,0,2
1274,1275,2020-04-24,5:00 PM,Meghalaya,-,-,0,1,12
1275,1276,2020-04-24,5:00 PM,Mizoram,-,-,0,0,1
1276,1277,2020-04-24,5:00 PM,Odisha,-,-,33,1,90
1277,1278,2020-04-24,5:00 PM,Puducherry,-,-,3,0,7
1278,1279,2020-04-24,5:00 PM,Punjab,-,-,65,16,277
1279,1280,2020-04-24,5:00 PM,Rajasthan,-,-,230,27,1964
1280,1281,2020-04-24,5:00 PM,Tamil Nadu,-,-,752,20,1683
1281,1282,2020-04-24,5:00 PM,Telengana,-,-,253,26,984
1282,1283,2020-04-24,5:00 PM,Tripura,-,-,1,0,2
1283,1284,2020-04-24,5:00 PM,Uttarakhand,-,-,24,0,47
1284,1285,2020-04-24,5:00 PM,Uttar Pradesh,-,-,206,24,1604
1285,1286,2020-04-24,5:00 PM,West Bengal,-,-,103,15,514
1286,1287,2020-04-25,5:00 PM,Andaman and Nicobar Islands,-,-,11,0,27
1287,1288,2020-04-25,5:00 PM,Andhra Pradesh,-,-,171,31,1061
1288,1289,2020-04-25,5:00 PM,Arunachal Pradesh,-,-,1,0,1
1289,1290,2020-04-25,5:00 PM,Assam,-,-,19,1,36
1290,1291,2020-04-25,5:00 PM,Bihar,-,-,46,2,228
1291,1292,2020-04-25,5:00 PM,Chandigarh,-,-,15,0,28
1292,1293,2020-04-25,5:00 PM,Chhattisgarh,-,-,30,0,36
1293,1294,2020-04-25,5:00 PM,Delhi,-,-,857,53,2514
1294,1295,2020-04-25,5:00 PM,Goa,-,-,7,0,7
1295,1296,2020-04-25,5:00 PM,Gujarat,-,-,265,127,2815
1296,1297,2020-04-25,5:00 PM,Haryana,-,-,156,3,272
1297,1298,2020-04-25,5:00 PM,Himachal Pradesh,-,-,18,1,40
1298,1299,2020-04-25,5:00 PM,Jammu and Kashmir,-,-,109,5,454
1299,1300,2020-04-25,5:00 PM,Jharkhand,-,-,9,3,59
1300,1301,2020-04-25,5:00 PM,Karnataka,-,-,153,18,489
1301,1302,2020-04-25,5:00 PM,Kerala,-,-,331,4,451
1302,1303,2020-04-25,5:00 PM,Ladakh,-,-,14,0,20
1303,1304,2020-04-25,5:00 PM,Madhya Pradesh,-,-,210,92,1952
1304,1305,2020-04-25,5:00 PM,Maharashtra,-,-,957,301,6817
1305,1306,2020-04-25,5:00 PM,Manipur,-,-,2,0,2
1306,1307,2020-04-25,5:00 PM,Meghalaya,-,-,0,1,12
1307,1308,2020-04-25,5:00 PM,Mizoram,-,-,0,0,1
1308,1309,2020-04-25,5:00 PM,Odisha,-,-,33,1,94
1309,1310,2020-04-25,5:00 PM,Puducherry,-,-,3,0,7
1310,1311,2020-04-25,5:00 PM,Punjab,-,-,67,17,298
1311,1312,2020-04-25,5:00 PM,Rajasthan,-,-,230,27,2034
1312,1313,2020-04-25,5:00 PM,Tamil Nadu,-,-,866,22,1755
1313,1314,2020-04-25,5:00 PM,Telengana,-,-,253,26,984
1314,1315,2020-04-25,5:00 PM,Tripura,-,-,1,0,2
1315,1316,2020-04-25,5:00 PM,Uttarakhand,-,-,25,0,48
1316,1317,2020-04-25,5:00 PM,Uttar Pradesh,-,-,248,26,1778
1317,1318,2020-04-25,5:00 PM,West Bengal,-,-,103,18,571
1318,1319,2020-04-26,5:00 PM,Andaman and Nicobar Islands,-,-,11,0,33
1319,1320,2020-04-26,5:00 PM,Andhra Pradesh,-,-,231,31,1097
1320,1321,2020-04-26,5:00 PM,Arunachal Pradesh,-,-,1,0,1
1321,1322,2020-04-26,5:00 PM,Assam,-,-,19,1,36
1322,1323,2020-04-26,5:00 PM,Bihar,-,-,46,2,251
1323,1324,2020-04-26,5:00 PM,Chandigarh,-,-,17,0,30
1324,1325,2020-04-26,5:00 PM,Chhattisgarh,-,-,32,0,37
1325,1326,2020-04-26,5:00 PM,Delhi,-,-,869,54,2625
1326,1327,2020-04-26,5:00 PM,Goa,-,-,7,0,7
1327,1328,2020-04-26,5:00 PM,Gujarat,-,-,282,133,3071
1328,1329,2020-04-26,5:00 PM,Haryana,-,-,176,3,289
1329,1330,2020-04-26,5:00 PM,Himachal Pradesh,-,-,22,1,40
1330,1331,2020-04-26,5:00 PM,Jammu and Kashmir,-,-,112,6,494
1331,1332,2020-04-26,5:00 PM,Jharkhand,-,-,13,3,67
1332,1333,2020-04-26,5:00 PM,Karnataka,-,-,177,18,501
1333,1334,2020-04-26,5:00 PM,Kerala,-,-,338,4,458
1334,1335,2020-04-26,5:00 PM,Ladakh,-,-,14,0,20
1335,1336,2020-04-26,5:00 PM,Madhya Pradesh,-,-,210,99,2096
1336,1337,2020-04-26,5:00 PM,Maharashtra,-,-,1076,323,7628
1337,1338,2020-04-26,5:00 PM,Manipur,-,-,2,0,2
1338,1339,2020-04-26,5:00 PM,Meghalaya,-,-,0,1,12
1339,1340,2020-04-26,5:00 PM,Mizoram,-,-,0,0,1
1340,1341,2020-04-26,5:00 PM,Odisha,-,-,34,1,103
1341,1342,2020-04-26,5:00 PM,Puducherry,-,-,3,0,7
1342,1343,2020-04-26,5:00 PM,Punjab,-,-,67,17,298
1343,1344,2020-04-26,5:00 PM,Rajasthan,-,-,493,33,2083
1344,1345,2020-04-26,5:00 PM,Tamil Nadu,-,-,960,23,1821
1345,1346,2020-04-26,5:00 PM,Telengana,-,-,280,26,991
1346,1347,2020-04-26,5:00 PM,Tripura,-,-,2,0,2
1347,1348,2020-04-26,5:00 PM,Uttarakhand,-,-,26,0,50
1348,1349,2020-04-26,5:00 PM,Uttar Pradesh,-,-,289,29,1843
1349,1350,2020-04-26,5:00 PM,West Bengal,-,-,105,18,611
1350,1351,2020-04-27,5:00 PM,Andaman and Nicobar Islands,-,-,11,0,33
1351,1352,2020-04-27,5:00 PM,Andhra Pradesh,-,-,235,31,1177
1352,1353,2020-04-27,5:00 PM,Arunachal Pradesh,-,-,1,0,1
1353,1354,2020-04-27,5:00 PM,Assam,-,-,27,1,36
1354,1355,2020-04-27,5:00 PM,Bihar,-,-,56,2,277
1355,1356,2020-04-27,5:00 PM,Chandigarh,-,-,17,0,30
1356,1357,2020-04-27,5:00 PM,Chhattisgarh,-,-,32,0,37
1357,1358,2020-04-27,5:00 PM,Delhi,-,-,877,54,2918
1358,1359,2020-04-27,5:00 PM,Goa,-,-,7,0,7
1359,1360,2020-04-27,5:00 PM,Gujarat,-,-,313,151,3301
1360,1361,2020-04-27,5:00 PM,Haryana,-,-,176,3,289
1361,1362,2020-04-27,5:00 PM,Himachal Pradesh,-,-,22,1,40
1362,1363,2020-04-27,5:00 PM,Jammu and Kashmir,-,-,137,6,523
1363,1364,2020-04-27,5:00 PM,Jharkhand,-,-,13,3,82
1364,1365,2020-04-27,5:00 PM,Karnataka,-,-,188,20,511
1365,1366,2020-04-27,5:00 PM,Kerala,-,-,342,4,469
1366,1367,2020-04-27,5:00 PM,Ladakh,-,-,14,0,20
1367,1368,2020-04-27,5:00 PM,Madhya Pradesh,-,-,302,106,2168
1368,1369,2020-04-27,5:00 PM,Maharashtra,-,-,1188,342,8068
1369,1370,2020-04-27,5:00 PM,Manipur,-,-,2,0,2
1370,1371,2020-04-27,5:00 PM,Meghalaya,-,-,0,1,12
1371,1372,2020-04-27,5:00 PM,Mizoram,-,-,0,0,1
1372,1373,2020-04-27,5:00 PM,Odisha,-,-,35,1,108
1373,1374,2020-04-27,5:00 PM,Puducherry,-,-,3,0,8
1374,1375,2020-04-27,5:00 PM,Punjab,-,-,71,18,313
1375,1376,2020-04-27,5:00 PM,Rajasthan,-,-,518,41,2185
1376,1377,2020-04-27,5:00 PM,Tamil Nadu,-,-,1020,24,1885
1377,1378,2020-04-27,5:00 PM,Telengana,-,-,280,26,1002
1378,1379,2020-04-27,5:00 PM,Tripura,-,-,2,0,2
1379,1380,2020-04-27,5:00 PM,Uttarakhand,-,-,33,0,51
1380,1381,2020-04-27,5:00 PM,Uttar Pradesh,-,-,335,31,1955
1381,1382,2020-04-27,5:00 PM,West Bengal,-,-,105,20,649
1382,1383,2020-04-28,5:00 PM,Andaman and Nicobar Islands,-,-,11,0,33
1383,1384,2020-04-28,5:00 PM,Andhra Pradesh,-,-,258,31,1259
1384,1385,2020-04-28,5:00 PM,Arunachal Pradesh,-,-,1,0,1
1385,1386,2020-04-28,5:00 PM,Assam,-,-,27,1,38
1386,1387,2020-04-28,5:00 PM,Bihar,-,-,57,2,346
1387,1388,2020-04-28,5:00 PM,Chandigarh,-,-,17,0,40
1388,1389,2020-04-28,5:00 PM,Chhattisgarh,-,-,32,0,37
1389,1390,2020-04-28,5:00 PM,Delhi,-,-,877,54,3108
1390,1391,2020-04-28,5:00 PM,Goa,-,-,7,0,7
1391,1392,2020-04-28,5:00 PM,Gujarat,-,-,394,162,3548
1392,1393,2020-04-28,5:00 PM,Haryana,-,-,183,3,296
1393,1394,2020-04-28,5:00 PM,Himachal Pradesh,-,-,22,1,40
1394,1395,2020-04-28,5:00 PM,Jammu and Kashmir,-,-,164,7,546
1395,1396,2020-04-28,5:00 PM,Jharkhand,-,-,17,3,103
1396,1397,2020-04-28,5:00 PM,Karnataka,-,-,198,20,520
1397,1398,2020-04-28,5:00 PM,Kerala,-,-,355,4,482
1398,1399,2020-04-28,5:00 PM,Ladakh,-,-,16,0,22
1399,1400,2020-04-28,5:00 PM,Madhya Pradesh,-,-,361,113,2368
1400,1401,2020-04-28,5:00 PM,Maharashtra,-,-,1282,369,8590
1401,1402,2020-04-28,5:00 PM,Manipur,-,-,2,0,2
1402,1403,2020-04-28,5:00 PM,Meghalaya,-,-,0,1,12
1403,1404,2020-04-28,5:00 PM,Mizoram,-,-,0,0,1
1404,1405,2020-04-28,5:00 PM,Odisha,-,-,37,1,118
1405,1406,2020-04-28,5:00 PM,Puducherry,-,-,3,0,8
1406,1407,2020-04-28,5:00 PM,Punjab,-,-,71,18,313
1407,1408,2020-04-28,5:00 PM,Rajasthan,-,-,669,46,2262
1408,1409,2020-04-28,5:00 PM,Tamil Nadu,-,-,1101,24,1937
1409,1410,2020-04-28,5:00 PM,Telengana,-,-,321,26,1004
1410,1411,2020-04-28,5:00 PM,Tripura,-,-,2,0,2
1411,1412,2020-04-28,5:00 PM,Uttarakhand,-,-,33,0,51
1412,1413,2020-04-28,5:00 PM,Uttar Pradesh,-,-,400,31,2043
1413,1414,2020-04-28,5:00 PM,West Bengal,-,-,109,20,697
1414,1415,2020-04-29,5:00 PM,Andaman and Nicobar Islands,-,-,15,0,33
1415,1416,2020-04-29,5:00 PM,Andhra Pradesh,-,-,287,31,1332
1416,1417,2020-04-29,5:00 PM,Arunachal Pradesh,-,-,1,0,1
1417,1418,2020-04-29,5:00 PM,Assam,-,-,27,1,38
1418,1419,2020-04-29,5:00 PM,Bihar,-,-,64,2,383
1419,1420,2020-04-29,5:00 PM,Chandigarh,-,-,17,0,56
1420,1421,2020-04-29,5:00 PM,Chhattisgarh,-,-,34,0,38
1421,1422,2020-04-29,5:00 PM,Delhi,-,-,1078,54,3314
1422,1423,2020-04-29,5:00 PM,Goa,-,-,7,0,7
1423,1424,2020-04-29,5:00 PM,Gujarat,-,-,434,181,3774
1424,1425,2020-04-29,5:00 PM,Haryana,-,-,209,3,310
1425,1426,2020-04-29,5:00 PM,Himachal Pradesh,-,-,25,1,40
1426,1427,2020-04-29,5:00 PM,Jammu and Kashmir,-,-,176,8,565
1427,1428,2020-04-29,5:00 PM,Jharkhand,-,-,19,3,105
1428,1429,2020-04-29,5:00 PM,Karnataka,-,-,215,20,532
1429,1430,2020-04-29,5:00 PM,Kerala,-,-,359,4,486
1430,1431,2020-04-29,5:00 PM,Ladakh,-,-,16,0,22
1431,1432,2020-04-29,5:00 PM,Madhya Pradesh,-,-,377,119,2561
1432,1433,2020-04-29,5:00 PM,Maharashtra,-,-,1388,400,9318
1433,1434,2020-04-29,5:00 PM,Manipur,-,-,2,0,2
1434,1435,2020-04-29,5:00 PM,Meghalaya,-,-,0,1,12
1435,1436,2020-04-29,5:00 PM,Mizoram,-,-,0,0,1
1436,1437,2020-04-29,5:00 PM,Odisha,-,-,38,1,119
1437,1438,2020-04-29,5:00 PM,Puducherry,-,-,3,0,8
1438,1439,2020-04-29,5:00 PM,Punjab,-,-,71,19,322
1439,1440,2020-04-29,5:00 PM,Rajasthan,-,-,768,51,2364
1440,1441,2020-04-29,5:00 PM,Tamil Nadu,-,-,1168,25,2058
1441,1442,2020-04-29,5:00 PM,Telengana,-,-,367,26,1012
1442,1443,2020-04-29,5:00 PM,Tripura,-,-,2,0,2
1443,1444,2020-04-29,5:00 PM,Uttarakhand,-,-,34,0,54
1444,1445,2020-04-29,5:00 PM,Uttar Pradesh,-,-,477,36,2115
1445,1446,2020-04-29,5:00 PM,West Bengal,-,-,119,22,725
1446,1447,2020-04-30,5:00 PM,Andaman and Nicobar Islands,-,-,15,0,33
1447,1448,2020-04-30,5:00 PM,Andhra Pradesh,-,-,321,31,1403
1448,1449,2020-04-30,5:00 PM,Arunachal Pradesh,-,-,1,0,1
1449,1450,2020-04-30,5:00 PM,Assam,-,-,29,1,42
1450,1451,2020-04-30,5:00 PM,Bihar,-,-,65,2,403
1451,1452,2020-04-30,5:00 PM,Chandigarh,-,-,17,0,56
1452,1453,2020-04-30,5:00 PM,Chhattisgarh,-,-,36,0,38
1453,1454,2020-04-30,5:00 PM,Delhi,-,-,1092,56,3439
1454,1455,2020-04-30,5:00 PM,Goa,-,-,7,0,7
1455,1456,2020-04-30,5:00 PM,Gujarat,-,-,527,197,4082
1456,1457,2020-04-30,5:00 PM,Haryana,-,-,209,3,310
1457,1458,2020-04-30,5:00 PM,Himachal Pradesh,-,-,25,1,40
1458,1459,2020-04-30,5:00 PM,Jammu and Kashmir,-,-,192,8,581
1459,1460,2020-04-30,5:00 PM,Jharkhand,-,-,19,3,107
1460,1461,2020-04-30,5:00 PM,Karnataka,-,-,223,21,557
1461,1462,2020-04-30,5:00 PM,Kerala,-,-,369,4,496
1462,1463,2020-04-30,5:00 PM,Ladakh,-,-,16,0,22
1463,1464,2020-04-30,5:00 PM,Madhya Pradesh,-,-,461,130,2660
1464,1465,2020-04-30,5:00 PM,Maharashtra,-,-,1593,432,9915
1465,1466,2020-04-30,5:00 PM,Manipur,-,-,2,0,2
1466,1467,2020-04-30,5:00 PM,Meghalaya,-,-,0,1,12
1467,1468,2020-04-30,5:00 PM,Mizoram,-,-,0,0,1
1468,1469,2020-04-30,5:00 PM,Odisha,-,-,39,1,128
1469,1470,2020-04-30,5:00 PM,Puducherry,-,-,5,0,8
1470,1471,2020-04-30,5:00 PM,Punjab,-,-,90,19,357
1471,1472,2020-04-30,5:00 PM,Rajasthan,-,-,768,51,2438
1472,1473,2020-04-30,5:00 PM,Tamil Nadu,-,-,1210,27,2162
1473,1474,2020-04-30,5:00 PM,Telengana,-,-,367,26,1012
1474,1475,2020-04-30,5:00 PM,Tripura,-,-,2,0,2
1475,1476,2020-04-30,5:00 PM,Uttarakhand,-,-,36,0,55
1476,1477,2020-04-30,5:00 PM,Uttar Pradesh,-,-,513,39,2203
1477,1478,2020-04-30,5:00 PM,West Bengal,-,-,124,22,758
1478,1479,2020-05-01,5:00 PM,Andaman and Nicobar Islands,-,-,16,0,33
1479,1480,2020-05-01,5:00 PM,Andhra Pradesh,-,-,403,33,1463
1480,1481,2020-05-01,5:00 PM,Arunachal Pradesh,-,-,1,0,1
1481,1482,2020-05-01,5:00 PM,Assam,-,-,29,1,42
1482,1483,2020-05-01,5:00 PM,Bihar,-,-,82,2,426
1483,1484,2020-05-01,5:00 PM,Chandigarh,-,-,17,0,56
1484,1485,2020-05-01,5:00 PM,Chhattisgarh,-,-,36,0,40
1485,1486,2020-05-01,5:00 PM,Delhi,-,-,1094,59,3515
1486,1487,2020-05-01,5:00 PM,Goa,-,-,7,0,7
1487,1488,2020-05-01,5:00 PM,Gujarat,-,-,613,214,4395
1488,1489,2020-05-01,5:00 PM,Haryana,-,-,209,3,313
1489,1490,2020-05-01,5:00 PM,Himachal Pradesh,-,-,28,1,40
1490,1491,2020-05-01,5:00 PM,Jammu and Kashmir,-,-,216,8,614
1491,1492,2020-05-01,5:00 PM,Jharkhand,-,-,20,3,111
1492,1493,2020-05-01,5:00 PM,Karnataka,-,-,235,22,576
1493,1494,2020-05-01,5:00 PM,Kerala,-,-,383,4,497
1494,1495,2020-05-01,5:00 PM,Ladakh,-,-,16,0,22
1495,1496,2020-05-01,5:00 PM,Madhya Pradesh,-,-,482,137,2719
1496,1497,2020-05-01,5:00 PM,Maharashtra,-,-,1773,459,10498
1497,1498,2020-05-01,5:00 PM,Manipur,-,-,2,0,2
1498,1499,2020-05-01,5:00 PM,Meghalaya,-,-,0,1,12
1499,1500,2020-05-01,5:00 PM,Mizoram,-,-,0,0,1
1500,1501,2020-05-01,5:00 PM,Odisha,-,-,41,1,143
1501,1502,2020-05-01,5:00 PM,Puducherry,-,-,5,0,8
1502,1503,2020-05-01,5:00 PM,Punjab,-,-,90,19,357
1503,1504,2020-05-01,5:00 PM,Rajasthan,-,-,836,58,2584
1504,1505,2020-05-01,5:00 PM,Tamil Nadu,-,-,1258,27,2323
1505,1506,2020-05-01,5:00 PM,Telengana,-,-,441,26,1039
1506,1507,2020-05-01,5:00 PM,Tripura,-,-,2,0,2
1507,1508,2020-05-01,5:00 PM,Uttarakhand,-,-,36,0,57
1508,1509,2020-05-01,5:00 PM,Uttar Pradesh,-,-,555,41,2281
1509,1510,2020-05-01,5:00 PM,West Bengal,-,-,139,33,795
1510,1511,2020-05-02,5:00 PM,Andaman and Nicobar Islands,-,-,16,0,33
1511,1512,2020-05-02,5:00 PM,Andhra Pradesh,-,-,403,33,1463
1512,1513,2020-05-02,5:00 PM,Arunachal Pradesh,-,-,1,0,1
1513,1514,2020-05-02,5:00 PM,Assam,-,-,32,1,43
1514,1515,2020-05-02,5:00 PM,Bihar,-,-,98,3,471
1515,1516,2020-05-02,5:00 PM,Chandigarh,-,-,17,0,88
1516,1517,2020-05-02,5:00 PM,Chhattisgarh,-,-,36,0,43
1517,1518,2020-05-02,5:00 PM,Delhi,-,-,1167,61,3738
1518,1519,2020-05-02,5:00 PM,Goa,-,-,7,0,7
1519,1520,2020-05-02,5:00 PM,Gujarat,-,-,735,236,4721
1520,1521,2020-05-02,5:00 PM,Haryana,-,-,227,4,360
1521,1522,2020-05-02,5:00 PM,Himachal Pradesh,-,-,30,1,40
1522,1523,2020-05-02,5:00 PM,Jammu and Kashmir,-,-,247,8,639
1523,1524,2020-05-02,5:00 PM,Jharkhand,-,-,20,3,111
1524,1525,2020-05-02,5:00 PM,Karnataka,-,-,251,22,589
1525,1526,2020-05-02,5:00 PM,Kerala,-,-,392,4,497
1526,1527,2020-05-02,5:00 PM,Ladakh,-,-,17,0,22
1527,1528,2020-05-02,5:00 PM,Madhya Pradesh,-,-,524,145,2719
1528,1529,2020-05-02,5:00 PM,Maharashtra,-,-,1879,485,11506
1529,1530,2020-05-02,5:00 PM,Manipur,-,-,2,0,2
1530,1531,2020-05-02,5:00 PM,Meghalaya,-,-,0,1,12
1531,1532,2020-05-02,5:00 PM,Mizoram,-,-,0,0,1
1532,1533,2020-05-02,5:00 PM,Odisha,-,-,55,1,149
1533,1534,2020-05-02,5:00 PM,Puducherry,-,-,5,0,8
1534,1535,2020-05-02,5:00 PM,Punjab,-,-,90,19,480
1535,1536,2020-05-02,5:00 PM,Rajasthan,-,-,1116,62,2666
1536,1537,2020-05-02,5:00 PM,Tamil Nadu,-,-,1312,28,2526
1537,1538,2020-05-02,5:00 PM,Telengana,-,-,441,26,1039
1538,1539,2020-05-02,5:00 PM,Tripura,-,-,2,0,2
1539,1540,2020-05-02,5:00 PM,Uttarakhand,-,-,36,0,58
1540,1541,2020-05-02,5:00 PM,Uttar Pradesh,-,-,654,42,2328
1541,1542,2020-05-02,5:00 PM,West Bengal,-,-,139,33,795
1542,1543,2020-05-03,5:00 PM,Andaman and Nicobar Islands,-,-,17,0,33
1543,1544,2020-05-03,5:00 PM,Andhra Pradesh,-,-,488,33,1583
1544,1545,2020-05-03,5:00 PM,Arunachal Pradesh,-,-,1,0,1
1545,1546,2020-05-03,5:00 PM,Assam,-,-,32,1,43
1546,1547,2020-05-03,5:00 PM,Bihar,-,-,117,4,482
1547,1548,2020-05-03,5:00 PM,Chandigarh,-,-,19,0,94
1548,1549,2020-05-03,5:00 PM,Chhattisgarh,-,-,36,0,43
1549,1550,2020-05-03,5:00 PM,Delhi,-,-,1256,64,4122
1550,1551,2020-05-03,5:00 PM,Goa,-,-,7,0,7
1551,1552,2020-05-03,5:00 PM,Gujarat,-,-,896,262,5055
1552,1553,2020-05-03,5:00 PM,Haryana,-,-,227,4,394
1553,1554,2020-05-03,5:00 PM,Himachal Pradesh,-,-,33,1,40
1554,1555,2020-05-03,5:00 PM,Jammu and Kashmir,-,-,254,8,666
1555,1556,2020-05-03,5:00 PM,Jharkhand,-,-,22,3,115
1556,1557,2020-05-03,5:00 PM,Karnataka,-,-,282,25,606
1557,1558,2020-05-03,5:00 PM,Kerala,-,-,400,4,500
1558,1559,2020-05-03,5:00 PM,Ladakh,-,-,17,0,40
1559,1560,2020-05-03,5:00 PM,Madhya Pradesh,-,-,798,156,2846
1560,1561,2020-05-03,5:00 PM,Maharashtra,-,-,2000,521,12296
1561,1562,2020-05-03,5:00 PM,Manipur,-,-,2,0,2
1562,1563,2020-05-03,5:00 PM,Meghalaya,-,-,0,1,12
1563,1564,2020-05-03,5:00 PM,Mizoram,-,-,0,0,1
1564,1565,2020-05-03,5:00 PM,Odisha,-,-,56,1,160
1565,1566,2020-05-03,5:00 PM,Puducherry,-,-,5,0,8
1566,1567,2020-05-03,5:00 PM,Punjab,-,-,112,20,772
1567,1568,2020-05-03,5:00 PM,Rajasthan,-,-,1121,65,2772
1568,1569,2020-05-03,5:00 PM,Tamil Nadu,-,-,1341,29,2757
1569,1570,2020-05-03,5:00 PM,Telengana,-,-,458,28,1063
1570,1571,2020-05-03,5:00 PM,Tripura,-,-,2,0,4
1571,1572,2020-05-03,5:00 PM,Uttarakhand,-,-,39,0,59
1572,1573,2020-05-03,5:00 PM,Uttar Pradesh,-,-,698,43,2626
1573,1574,2020-05-03,5:00 PM,West Bengal,-,-,151,33,922
1574,1575,2020-05-04,5:00 PM,Andaman and Nicobar Islands,-,-,32,0,33
1575,1576,2020-05-04,5:00 PM,Andhra Pradesh,-,-,524,36,1650
1576,1577,2020-05-04,5:00 PM,Arunachal Pradesh,-,-,1,0,1
1577,1578,2020-05-04,5:00 PM,Assam,-,-,32,1,43
1578,1579,2020-05-04,5:00 PM,Bihar,-,-,125,4,517
1579,1580,2020-05-04,5:00 PM,Chandigarh,-,-,19,0,94
1580,1581,2020-05-04,5:00 PM,Chhattisgarh,-,-,36,0,57
1581,1582,2020-05-04,5:00 PM,Delhi,-,-,1362,64,4549
1582,1583,2020-05-04,5:00 PM,Goa,-,-,7,0,7
1583,1584,2020-05-04,5:00 PM,Gujarat,-,-,1042,290,5428
1584,1585,2020-05-04,5:00 PM,Haryana,-,-,245,5,442
1585,1586,2020-05-04,5:00 PM,Himachal Pradesh,-,-,34,1,40
1586,1587,2020-05-04,5:00 PM,Jammu and Kashmir,-,-,287,8,701
1587,1588,2020-05-04,5:00 PM,Jharkhand,-,-,22,3,115
1588,1589,2020-05-04,5:00 PM,Karnataka,-,-,304,26,642
1589,1590,2020-05-04,5:00 PM,Kerala,-,-,401,4,500
1590,1591,2020-05-04,5:00 PM,Ladakh,-,-,17,0,41
1591,1592,2020-05-04,5:00 PM,Madhya Pradesh,-,-,798,165,2942
1592,1593,2020-05-04,5:00 PM,Maharashtra,-,-,2115,548,12974
1593,1594,2020-05-04,5:00 PM,Manipur,-,-,2,0,2
1594,1595,2020-05-04,5:00 PM,Meghalaya,-,-,0,1,12
1595,1596,2020-05-04,5:00 PM,Mizoram,-,-,0,0,1
1596,1597,2020-05-04,5:00 PM,Odisha,-,-,60,1,163
1597,1598,2020-05-04,5:00 PM,Puducherry,-,-,5,0,8
1598,1599,2020-05-04,5:00 PM,Punjab,-,-,117,21,1102
1599,1600,2020-05-04,5:00 PM,Rajasthan,-,-,1356,71,2886
1600,1601,2020-05-04,5:00 PM,Tamil Nadu,-,-,1379,30,3023
1601,1602,2020-05-04,5:00 PM,Telengana,-,-,490,29,1082
1602,1603,2020-05-04,5:00 PM,Tripura,-,-,2,0,16
1603,1604,2020-05-04,5:00 PM,Uttarakhand,-,-,39,1,60
1604,1605,2020-05-04,5:00 PM,Uttar Pradesh,-,-,758,45,2742
1605,1606,2020-05-04,5:00 PM,West Bengal,-,-,151,35,963
1606,1607,2020-05-05,5:00 PM,Andaman and Nicobar Islands,-,-,32,0,33
1607,1608,2020-05-05,5:00 PM,Andhra Pradesh,-,-,589,36,1717
1608,1609,2020-05-05,5:00 PM,Arunachal Pradesh,-,-,1,0,1
1609,1610,2020-05-05,5:00 PM,Assam,-,-,32,1,43
1610,1611,2020-05-05,5:00 PM,Bihar,-,-,130,4,529
1611,1612,2020-05-05,5:00 PM,Chandigarh,-,-,21,1,102
1612,1613,2020-05-05,5:00 PM,Chhattisgarh,-,-,36,0,58
1613,1614,2020-05-05,5:00 PM,Delhi,-,-,1431,64,4898
1614,1615,2020-05-05,5:00 PM,Goa,-,-,7,0,7
1615,1616,2020-05-05,5:00 PM,Gujarat,-,-,1195,319,5804
1616,1617,2020-05-05,5:00 PM,Haryana,-,-,254,6,517
1617,1618,2020-05-05,5:00 PM,Himachal Pradesh,-,-,38,1,41
1618,1619,2020-05-05,5:00 PM,Jammu and Kashmir,-,-,303,8,726
1619,1620,2020-05-05,5:00 PM,Jharkhand,-,-,27,3,115
1620,1621,2020-05-05,5:00 PM,Karnataka,-,-,324,28,659
1621,1622,2020-05-05,5:00 PM,Kerala,-,-,462,4,500
1622,1623,2020-05-05,5:00 PM,Ladakh,-,-,17,0,41
1623,1624,2020-05-05,5:00 PM,Madhya Pradesh,-,-,1000,176,3049
1624,1625,2020-05-05,5:00 PM,Maharashtra,-,-,2465,583,14541
1625,1626,2020-05-05,5:00 PM,Manipur,-,-,2,0,2
1626,1627,2020-05-05,5:00 PM,Meghalaya,-,-,10,1,12
1627,1628,2020-05-05,5:00 PM,Mizoram,-,-,0,0,1
1628,1629,2020-05-05,5:00 PM,Odisha,-,-,60,1,170
1629,1630,2020-05-05,5:00 PM,Puducherry,-,-,6,0,9
1630,1631,2020-05-05,5:00 PM,Punjab,-,-,128,23,1233
1631,1632,2020-05-05,5:00 PM,Rajasthan,-,-,1394,77,3061
1632,1633,2020-05-05,5:00 PM,Tamil Nadu,-,-,1409,31,3550
1633,1634,2020-05-05,5:00 PM,Telengana,-,-,585,29,1085
1634,1635,2020-05-05,5:00 PM,Tripura,-,-,2,0,29
1635,1636,2020-05-05,5:00 PM,Uttarakhand,-,-,39,1,60
1636,1637,2020-05-05,5:00 PM,Uttar Pradesh,-,-,944,53,2859
1637,1638,2020-05-05,5:00 PM,West Bengal,-,-,218,133,1259
1638,1639,2020-05-06,8:00 AM,Andaman and Nicobar Islands,-,-,32,0,33
1639,1640,2020-05-06,8:00 AM,Andhra Pradesh,-,-,589,36,1717
1640,1641,2020-05-06,8:00 AM,Arunachal Pradesh,-,-,1,0,1
1641,1642,2020-05-06,8:00 AM,Assam,-,-,32,1,43
1642,1643,2020-05-06,8:00 AM,Bihar,-,-,142,4,536
1643,1644,2020-05-06,8:00 AM,Chandigarh,-,-,21,1,111
1644,1645,2020-05-06,8:00 AM,Chhattisgarh,-,-,36,0,59
1645,1646,2020-05-06,8:00 AM,Dadar Nagar Haveli,-,-,0,0,1
1646,1647,2020-05-06,8:00 AM,Delhi,-,-,1468,64,5104
1647,1648,2020-05-06,8:00 AM,Goa,-,-,7,0,7
1648,1649,2020-05-06,8:00 AM,Gujarat,-,-,1381,368,6245
1649,1650,2020-05-06,8:00 AM,Haryana,-,-,256,6,548
1650,1651,2020-05-06,8:00 AM,Himachal Pradesh,-,-,38,2,42
1651,1652,2020-05-06,8:00 AM,Jammu and Kashmir,-,-,320,8,741
1652,1653,2020-05-06,8:00 AM,Jharkhand,-,-,33,3,125
1653,1654,2020-05-06,8:00 AM,Karnataka,-,-,331,29,671
1654,1655,2020-05-06,8:00 AM,Kerala,-,-,462,4,502
1655,1656,2020-05-06,8:00 AM,Ladakh,-,-,17,0,41
1656,1657,2020-05-06,8:00 AM,Madhya Pradesh,-,-,1000,176,3049
1657,1658,2020-05-06,8:00 AM,Maharashtra,-,-,2819,617,15525
1658,1659,2020-05-06,8:00 AM,Manipur,-,-,2,0,2
1659,1660,2020-05-06,8:00 AM,Meghalaya,-,-,10,1,12
1660,1661,2020-05-06,8:00 AM,Mizoram,-,-,0,0,1
1661,1662,2020-05-06,8:00 AM,Odisha,-,-,60,1,175
1662,1663,2020-05-06,8:00 AM,Puducherry,-,-,6,0,9
1663,1664,2020-05-06,8:00 AM,Punjab,-,-,133,25,1451
1664,1665,2020-05-06,8:00 AM,Rajasthan,-,-,1525,89,3158
1665,1666,2020-05-06,8:00 AM,Tamil Nadu,-,-,1485,33,4058
1666,1667,2020-05-06,8:00 AM,Telengana,-,-,585,29,1096
1667,1668,2020-05-06,8:00 AM,Tripura,-,-,2,0,43
1668,1669,2020-05-06,8:00 AM,Uttarakhand,-,-,39,1,61
1669,1670,2020-05-06,8:00 AM,Uttar Pradesh,-,-,987,56,2880
1670,1671,2020-05-06,8:00 AM,West Bengal,-,-,364,140,1344
1671,1672,2020-05-07,8:00 AM,Andaman and Nicobar Islands,-,-,32,0,33
1672,1673,2020-05-07,8:00 AM,Andhra Pradesh,-,-,729,36,1777
1673,1674,2020-05-07,8:00 AM,Arunachal Pradesh,-,-,1,0,1
1674,1675,2020-05-07,8:00 AM,Assam,-,-,32,1,45
1675,1676,2020-05-07,8:00 AM,Bihar,-,-,188,4,542
1676,1677,2020-05-07,8:00 AM,Chandigarh,-,-,21,1,120
1677,1678,2020-05-07,8:00 AM,Chhattisgarh,-,-,36,0,59
1678,1679,2020-05-07,8:00 AM,Dadar Nagar Haveli,-,-,0,0,1
1679,1680,2020-05-07,8:00 AM,Delhi,-,-,1542,65,5532
1680,1681,2020-05-07,8:00 AM,Goa,-,-,7,0,7
1681,1682,2020-05-07,8:00 AM,Gujarat,-,-,1500,396,6625
1682,1683,2020-05-07,8:00 AM,Haryana,-,-,260,7,594
1683,1684,2020-05-07,8:00 AM,Himachal Pradesh,-,-,38,2,45
1684,1685,2020-05-07,8:00 AM,Jammu and Kashmir,-,-,322,8,775
1685,1686,2020-05-07,8:00 AM,Jharkhand,-,-,37,3,127
1686,1687,2020-05-07,8:00 AM,Karnataka,-,-,354,29,693
1687,1688,2020-05-07,8:00 AM,Kerala,-,-,469,4,503
1688,1689,2020-05-07,8:00 AM,Ladakh,-,-,17,0,41
1689,1690,2020-05-07,8:00 AM,Madhya Pradesh,-,-,1099,185,3138
1690,1691,2020-05-07,8:00 AM,Maharashtra,-,-,3094,651,16758
1691,1692,2020-05-07,8:00 AM,Manipur,-,-,2,0,2
1692,1693,2020-05-07,8:00 AM,Meghalaya,-,-,10,1,12
1693,1694,2020-05-07,8:00 AM,Mizoram,-,-,0,0,1
1694,1695,2020-05-07,8:00 AM,Odisha,-,-,61,2,185
1695,1696,2020-05-07,8:00 AM,Puducherry,-,-,6,0,9
1696,1697,2020-05-07,8:00 AM,Punjab,-,-,135,27,1516
1697,1698,2020-05-07,8:00 AM,Rajasthan,-,-,1596,92,3317
1698,1699,2020-05-07,8:00 AM,Tamil Nadu,-,-,1516,35,4829
1699,1700,2020-05-07,8:00 AM,Telengana,-,-,628,29,1107
1700,1701,2020-05-07,8:00 AM,Tripura,-,-,2,0,43
1701,1702,2020-05-07,8:00 AM,Uttarakhand,-,-,39,1,61
1702,1703,2020-05-07,8:00 AM,Uttar Pradesh,-,-,1130,60,2998
1703,1704,2020-05-07,8:00 AM,West Bengal,-,-,364,144,1456
1704,1705,2020-05-08,8:00 AM,Andaman and Nicobar Islands,-,-,33,0,33
1705,1706,2020-05-08,8:00 AM,Andhra Pradesh,-,-,780,38,1847
1706,1707,2020-05-08,8:00 AM,Arunachal Pradesh,-,-,1,0,1
1707,1708,2020-05-08,8:00 AM,Assam,-,-,34,1,54
1708,1709,2020-05-08,8:00 AM,Bihar,-,-,246,5,550
1709,1710,2020-05-08,8:00 AM,Chandigarh,-,-,21,1,135
1710,1711,2020-05-08,8:00 AM,Chhattisgarh,-,-,38,0,59
1711,1712,2020-05-08,8:00 AM,Dadar Nagar Haveli,-,-,0,0,1
1712,1713,2020-05-08,8:00 AM,Delhi,-,-,1931,66,5980
1713,1714,2020-05-08,8:00 AM,Goa,-,-,7,0,7
1714,1715,2020-05-08,8:00 AM,Gujarat,-,-,1709,425,7012
1715,1716,2020-05-08,8:00 AM,Haryana,-,-,260,7,625
1716,1717,2020-05-08,8:00 AM,Himachal Pradesh,-,-,38,2,46
1717,1718,2020-05-08,8:00 AM,Jammu and Kashmir,-,-,335,9,793
1718,1719,2020-05-08,8:00 AM,Jharkhand,-,-,41,3,132
1719,1720,2020-05-08,8:00 AM,Karnataka,-,-,366,30,705
1720,1721,2020-05-08,8:00 AM,Kerala,-,-,474,4,503
1721,1722,2020-05-08,8:00 AM,Ladakh,-,-,17,0,42
1722,1723,2020-05-08,8:00 AM,Madhya Pradesh,-,-,1231,193,3252
1723,1724,2020-05-08,8:00 AM,Maharashtra,-,-,3301,694,17974
1724,1725,2020-05-08,8:00 AM,Manipur,-,-,2,0,2
1725,1726,2020-05-08,8:00 AM,Meghalaya,-,-,10,1,12
1726,1727,2020-05-08,8:00 AM,Mizoram,-,-,0,0,1
1727,1728,2020-05-08,8:00 AM,Odisha,-,-,62,2,219
1728,1729,2020-05-08,8:00 AM,Puducherry,-,-,6,0,9
1729,1730,2020-05-08,8:00 AM,Punjab,-,-,149,28,1644
1730,1731,2020-05-08,8:00 AM,Rajasthan,-,-,1596,97,3427
1731,1732,2020-05-08,8:00 AM,Tamil Nadu,-,-,1547,37,5409
1732,1733,2020-05-08,8:00 AM,Telengana,-,-,650,29,1123
1733,1734,2020-05-08,8:00 AM,Tripura,-,-,2,0,65
1734,1735,2020-05-08,8:00 AM,Uttarakhand,-,-,39,1,61
1735,1736,2020-05-08,8:00 AM,Uttar Pradesh,-,-,1250,62,3071
1736,1737,2020-05-08,8:00 AM,West Bengal,-,-,364,151,1548
1737,1738,2020-05-09,8:00 AM,Andaman and Nicobar Islands,-,-,33,0,33
1738,1739,2020-05-09,8:00 AM,Andhra Pradesh,-,-,842,41,1887
1739,1740,2020-05-09,8:00 AM,Arunachal Pradesh,-,-,1,0,1
1740,1741,2020-05-09,8:00 AM,Assam,-,-,34,1,59
1741,1742,2020-05-09,8:00 AM,Bihar,-,-,297,5,571
1742,1743,2020-05-09,8:00 AM,Chandigarh,-,-,21,1,150
1743,1744,2020-05-09,8:00 AM,Chhattisgarh,-,-,38,0,59
1744,1745,2020-05-09,8:00 AM,Dadar Nagar Haveli,-,-,0,0,1
1745,1746,2020-05-09,8:00 AM,Delhi,-,-,2020,68,6318
1746,1747,2020-05-09,8:00 AM,Goa,-,-,7,0,7
1747,1748,2020-05-09,8:00 AM,Gujarat,-,-,1872,449,7402
1748,1749,2020-05-09,8:00 AM,Haryana,-,-,279,8,647
1749,1750,2020-05-09,8:00 AM,Himachal Pradesh,-,-,38,2,50
1750,1751,2020-05-09,8:00 AM,Jammu and Kashmir,-,-,364,9,823
1751,1752,2020-05-09,8:00 AM,Jharkhand,-,-,52,3,132
1752,1753,2020-05-09,8:00 AM,Karnataka,-,-,376,30,753
1753,1754,2020-05-09,8:00 AM,Kerala,-,-,484,4,503
1754,1755,2020-05-09,8:00 AM,Ladakh,-,-,17,0,42
1755,1756,2020-05-09,8:00 AM,Madhya Pradesh,-,-,1349,200,3341
1756,1757,2020-05-09,8:00 AM,Maharashtra,-,-,3470,731,19063
1757,1758,2020-05-09,8:00 AM,Manipur,-,-,2,0,2
1758,1759,2020-05-09,8:00 AM,Meghalaya,-,-,10,1,12
1759,1760,2020-05-09,8:00 AM,Mizoram,-,-,0,0,1
1760,1761,2020-05-09,8:00 AM,Odisha,-,-,63,2,271
1761,1762,2020-05-09,8:00 AM,Puducherry,-,-,6,0,9
1762,1763,2020-05-09,8:00 AM,Punjab,-,-,152,29,1731
1763,1764,2020-05-09,8:00 AM,Rajasthan,-,-,1916,101,3579
1764,1765,2020-05-09,8:00 AM,Tamil Nadu,-,-,1605,40,6009
1765,1766,2020-05-09,8:00 AM,Telengana,-,-,700,29,1133
1766,1767,2020-05-09,8:00 AM,Tripura,-,-,2,0,118
1767,1768,2020-05-09,8:00 AM,Uttarakhand,-,-,46,1,63
1768,1769,2020-05-09,8:00 AM,Uttar Pradesh,-,-,1387,66,3214
1769,1770,2020-05-09,8:00 AM,West Bengal,-,-,364,160,1678
1770,1771,2020-05-10,8:00 AM,Andaman and Nicobar Islands,-,-,33,0,33
1771,1772,2020-05-10,8:00 AM,Andhra Pradesh,-,-,887,44,1930
1772,1773,2020-05-10,8:00 AM,Arunachal Pradesh,-,-,1,0,1
1773,1774,2020-05-10,8:00 AM,Assam,-,-,34,2,63
1774,1775,2020-05-10,8:00 AM,Bihar,-,-,322,5,591
1775,1776,2020-05-10,8:00 AM,Chandigarh,-,-,24,2,169
1776,1777,2020-05-10,8:00 AM,Chhattisgarh,-,-,43,0,59
1777,1778,2020-05-10,8:00 AM,Dadar Nagar Haveli,-,-,0,0,1
1778,1779,2020-05-10,8:00 AM,Delhi,-,-,2020,73,6542
1779,1780,2020-05-10,8:00 AM,Goa,-,-,7,0,7
1780,1781,2020-05-10,8:00 AM,Gujarat,-,-,2091,472,7796
1781,1782,2020-05-10,8:00 AM,Haryana,-,-,290,9,675
1782,1783,2020-05-10,8:00 AM,Himachal Pradesh,-,-,38,2,50
1783,1784,2020-05-10,8:00 AM,Jammu and Kashmir,-,-,368,9,836
1784,1785,2020-05-10,8:00 AM,Jharkhand,-,-,78,3,156
1785,1786,2020-05-10,8:00 AM,Karnataka,-,-,386,30,794
1786,1787,2020-05-10,8:00 AM,Kerala,-,-,485,4,505
1787,1788,2020-05-10,8:00 AM,Ladakh,-,-,17,0,42
1788,1789,2020-05-10,8:00 AM,Madhya Pradesh,-,-,1676,215,3614
1789,1790,2020-05-10,8:00 AM,Maharashtra,-,-,3800,779,20228
1790,1791,2020-05-10,8:00 AM,Manipur,-,-,2,0,2
1791,1792,2020-05-10,8:00 AM,Meghalaya,-,-,10,1,13
1792,1793,2020-05-10,8:00 AM,Mizoram,-,-,1,0,1
1793,1794,2020-05-10,8:00 AM,Odisha,-,-,63,2,294
1794,1795,2020-05-10,8:00 AM,Puducherry,-,-,6,0,9
1795,1796,2020-05-10,8:00 AM,Punjab,-,-,157,31,1762
1796,1797,2020-05-10,8:00 AM,Rajasthan,-,-,2026,106,3708
1797,1798,2020-05-10,8:00 AM,Tamil Nadu,-,-,1824,44,6535
1798,1799,2020-05-10,8:00 AM,Telengana,-,-,750,30,1163
1799,1800,2020-05-10,8:00 AM,Tripura,-,-,2,0,134
1800,1801,2020-05-10,8:00 AM,Uttarakhand,-,-,46,1,67
1801,1802,2020-05-10,8:00 AM,Uttar Pradesh,-,-,1499,74,3373
1802,1803,2020-05-10,8:00 AM,West Bengal,-,-,372,171,1786
1803,1804,2020-05-11,8:00 AM,Andaman and Nicobar Islands,-,-,33,0,33
1804,1805,2020-05-11,8:00 AM,Andhra Pradesh,-,-,925,45,1980
1805,1806,2020-05-11,8:00 AM,Arunachal Pradesh,-,-,1,0,1
1806,1807,2020-05-11,8:00 AM,Assam,-,-,34,2,63
1807,1808,2020-05-11,8:00 AM,Bihar,-,-,365,6,696
1808,1809,2020-05-11,8:00 AM,Chandigarh,-,-,24,2,169
1809,1810,2020-05-11,8:00 AM,Chhattisgarh,-,-,49,0,59
1810,1811,2020-05-11,8:00 AM,Dadar Nagar Haveli,-,-,0,0,1
1811,1812,2020-05-11,8:00 AM,Delhi,-,-,2069,73,6923
1812,1813,2020-05-11,8:00 AM,Goa,-,-,7,0,7
1813,1814,2020-05-11,8:00 AM,Gujarat,-,-,2545,493,8194
1814,1815,2020-05-11,8:00 AM,Haryana,-,-,300,10,703
1815,1816,2020-05-11,8:00 AM,Himachal Pradesh,-,-,39,2,55
1816,1817,2020-05-11,8:00 AM,Jammu and Kashmir,-,-,383,9,861
1817,1818,2020-05-11,8:00 AM,Jharkhand,-,-,78,3,157
1818,1819,2020-05-11,8:00 AM,Karnataka,-,-,424,31,848
1819,1820,2020-05-11,8:00 AM,Kerala,-,-,489,4,512
1820,1821,2020-05-11,8:00 AM,Ladakh,-,-,21,0,42
1821,1822,2020-05-11,8:00 AM,Madhya Pradesh,-,-,1676,215,3614
1822,1823,2020-05-11,8:00 AM,Maharashtra,-,-,4199,832,22171
1823,1824,2020-05-11,8:00 AM,Manipur,-,-,2,0,2
1824,1825,2020-05-11,8:00 AM,Meghalaya,-,-,10,1,13
1825,1826,2020-05-11,8:00 AM,Mizoram,-,-,1,0,1
1826,1827,2020-05-11,8:00 AM,Odisha,-,-,68,3,377
1827,1828,2020-05-11,8:00 AM,Puducherry,-,-,6,0,9
1828,1829,2020-05-11,8:00 AM,Punjab,-,-,166,31,1823
1829,1830,2020-05-11,8:00 AM,Rajasthan,-,-,2176,107,3814
1830,1831,2020-05-11,8:00 AM,Tamil Nadu,-,-,1959,47,7204
1831,1832,2020-05-11,8:00 AM,Telengana,-,-,750,30,1196
1832,1833,2020-05-11,8:00 AM,Tripura,-,-,2,0,150
1833,1834,2020-05-11,8:00 AM,Uttarakhand,-,-,46,1,68
1834,1835,2020-05-11,8:00 AM,Uttar Pradesh,-,-,1653,74,3467
1835,1836,2020-05-11,8:00 AM,West Bengal,-,-,417,185,1939
1836,1837,2020-05-12,8:00 AM,Andaman and Nicobar Islands,-,-,33,0,33
1837,1838,2020-05-12,8:00 AM,Andhra Pradesh,-,-,975,45,2018
1838,1839,2020-05-12,8:00 AM,Arunachal Pradesh,-,-,1,0,1
1839,1840,2020-05-12,8:00 AM,Assam,-,-,34,2,65
1840,1841,2020-05-12,8:00 AM,Bihar,-,-,377,6,747
1841,1842,2020-05-12,8:00 AM,Chandigarh,-,-,24,2,174
1842,1843,2020-05-12,8:00 AM,Chhattisgarh,-,-,53,0,59
1843,1844,2020-05-12,8:00 AM,Dadar Nagar Haveli,-,-,0,0,1
1844,1845,2020-05-12,8:00 AM,Delhi,-,-,2129,73,7233
1845,1846,2020-05-12,8:00 AM,Goa,-,-,7,0,7
1846,1847,2020-05-12,8:00 AM,Gujarat,-,-,2780,513,8541
1847,1848,2020-05-12,8:00 AM,Haryana,-,-,337,11,730
1848,1849,2020-05-12,8:00 AM,Himachal Pradesh,-,-,39,2,59
1849,1850,2020-05-12,8:00 AM,Jammu and Kashmir,-,-,427,10,879
1850,1851,2020-05-12,8:00 AM,Jharkhand,-,-,78,3,160
1851,1852,2020-05-12,8:00 AM,Karnataka,-,-,426,31,862
1852,1853,2020-05-12,8:00 AM,Kerala,-,-,489,4,519
1853,1854,2020-05-12,8:00 AM,Ladakh,-,-,21,0,42
1854,1855,2020-05-12,8:00 AM,Madhya Pradesh,-,-,1747,221,3785
1855,1856,2020-05-12,8:00 AM,Maharashtra,-,-,4786,868,23401
1856,1857,2020-05-12,8:00 AM,Manipur,-,-,2,0,2
1857,1858,2020-05-12,8:00 AM,Meghalaya,-,-,10,1,13
1858,1859,2020-05-12,8:00 AM,Mizoram,-,-,1,0,1
1859,1860,2020-05-12,8:00 AM,Odisha,-,-,85,3,414
1860,1861,2020-05-12,8:00 AM,Puducherry,-,-,6,0,12
1861,1862,2020-05-12,8:00 AM,Punjab,-,-,168,31,1877
1862,1863,2020-05-12,8:00 AM,Rajasthan,-,-,2264,113,3988
1863,1864,2020-05-12,8:00 AM,Tamil Nadu,-,-,2051,53,8002
1864,1865,2020-05-12,8:00 AM,Telengana,-,-,800,30,1275
1865,1866,2020-05-12,8:00 AM,Tripura,-,-,2,0,152
1866,1867,2020-05-12,8:00 AM,Uttarakhand,-,-,46,1,68
1867,1868,2020-05-12,8:00 AM,Uttar Pradesh,-,-,1758,80,3573
1868,1869,2020-05-12,8:00 AM,West Bengal,-,-,499,190,2063
1869,1870,2020-05-13,8:00 AM,Andaman and Nicobar Islands,-,-,33,0,33
1870,1871,2020-05-13,8:00 AM,Andhra Pradesh,-,-,1056,46,2090
1871,1872,2020-05-13,8:00 AM,Arunachal Pradesh,-,-,1,0,1
1872,1873,2020-05-13,8:00 AM,Assam,-,-,39,2,65
1873,1874,2020-05-13,8:00 AM,Bihar,-,-,383,6,831
1874,1875,2020-05-13,8:00 AM,Chandigarh,-,-,28,3,187
1875,1876,2020-05-13,8:00 AM,Chhattisgarh,-,-,54,0,59
1876,1877,2020-05-13,8:00 AM,Dadar Nagar Haveli,-,-,0,0,1
1877,1878,2020-05-13,8:00 AM,Delhi,-,-,2512,86,7639
1878,1879,2020-05-13,8:00 AM,Goa,-,-,7,0,7
1879,1880,2020-05-13,8:00 AM,Gujarat,-,-,3246,537,8903
1880,1881,2020-05-13,8:00 AM,Haryana,-,-,342,11,780
1881,1882,2020-05-13,8:00 AM,Himachal Pradesh,-,-,39,2,65
1882,1883,2020-05-13,8:00 AM,Jammu and Kashmir,-,-,455,10,934
1883,1884,2020-05-13,8:00 AM,Jharkhand,-,-,79,3,172
1884,1885,2020-05-13,8:00 AM,Karnataka,-,-,433,31,925
1885,1886,2020-05-13,8:00 AM,Kerala,-,-,489,4,524
1886,1887,2020-05-13,8:00 AM,Ladakh,-,-,21,0,42
1887,1888,2020-05-13,8:00 AM,Madhya Pradesh,-,-,1860,225,3986
1888,1889,2020-05-13,8:00 AM,Maharashtra,-,-,5125,921,24427
1889,1890,2020-05-13,8:00 AM,Manipur,-,-,2,0,2
1890,1891,2020-05-13,8:00 AM,Meghalaya,-,-,10,1,13
1891,1892,2020-05-13,8:00 AM,Mizoram,-,-,1,0,1
1892,1893,2020-05-13,8:00 AM,Odisha,-,-,116,3,437
1893,1894,2020-05-13,8:00 AM,Puducherry,-,-,9,1,13
1894,1895,2020-05-13,8:00 AM,Punjab,-,-,171,32,1914
1895,1896,2020-05-13,8:00 AM,Rajasthan,-,-,2378,117,4126
1896,1897,2020-05-13,8:00 AM,Tamil Nadu,-,-,2134,61,8718
1897,1898,2020-05-13,8:00 AM,Telengana,-,-,830,32,1326
1898,1899,2020-05-13,8:00 AM,Tripura,-,-,2,0,154
1899,1900,2020-05-13,8:00 AM,Uttarakhand,-,-,46,1,69
1900,1901,2020-05-13,8:00 AM,Uttar Pradesh,-,-,1873,82,3664
1901,1902,2020-05-13,8:00 AM,West Bengal,-,-,612,198,2173
1902,1903,2020-05-14,8:00 AM,Andaman and Nicobar Islands,-,-,33,0,33
1903,1904,2020-05-14,8:00 AM,Andhra Pradesh,-,-,1142,47,2137
1904,1905,2020-05-14,8:00 AM,Arunachal Pradesh,-,-,1,0,1
1905,1906,2020-05-14,8:00 AM,Assam,-,-,39,2,80
1906,1907,2020-05-14,8:00 AM,Bihar,-,-,388,7,940
1907,1908,2020-05-14,8:00 AM,Chandigarh,-,-,28,3,187
1908,1909,2020-05-14,8:00 AM,Chhattisgarh,-,-,55,0,59
1909,1910,2020-05-14,8:00 AM,Dadar Nagar Haveli,-,-,0,0,1
1910,1911,2020-05-14,8:00 AM,Delhi,-,-,2858,106,7998
1911,1912,2020-05-14,8:00 AM,Goa,-,-,7,0,7
1912,1913,2020-05-14,8:00 AM,Gujarat,-,-,3562,566,9267
1913,1914,2020-05-14,8:00 AM,Haryana,-,-,418,11,793
1914,1915,2020-05-14,8:00 AM,Himachal Pradesh,-,-,39,2,66
1915,1916,2020-05-14,8:00 AM,Jammu and Kashmir,-,-,466,11,971
1916,1917,2020-05-14,8:00 AM,Jharkhand,-,-,79,3,173
1917,1918,2020-05-14,8:00 AM,Karnataka,-,-,451,33,959
1918,1919,2020-05-14,8:00 AM,Kerala,-,-,490,4,534
1919,1920,2020-05-14,8:00 AM,Ladakh,-,-,22,0,43
1920,1921,2020-05-14,8:00 AM,Madhya Pradesh,-,-,2004,232,4173
1921,1922,2020-05-14,8:00 AM,Maharashtra,-,-,5547,975,25922
1922,1923,2020-05-14,8:00 AM,Manipur,-,-,2,0,2
1923,1924,2020-05-14,8:00 AM,Meghalaya,-,-,10,1,13
1924,1925,2020-05-14,8:00 AM,Mizoram,-,-,1,0,1
1925,1926,2020-05-14,8:00 AM,Odisha,-,-,143,3,538
1926,1927,2020-05-14,8:00 AM,Puducherry,-,-,9,1,13
1927,1928,2020-05-14,8:00 AM,Punjab,-,-,200,32,1924
1928,1929,2020-05-14,8:00 AM,Rajasthan,-,-,2459,121,4328
1929,1930,2020-05-14,8:00 AM,Tamil Nadu,-,-,2176,64,9227
1930,1931,2020-05-14,8:00 AM,Telengana,-,-,940,34,1367
1931,1932,2020-05-14,8:00 AM,Tripura,-,-,16,0,155
1932,1933,2020-05-14,8:00 AM,Uttarakhand,-,-,46,1,72
1933,1934,2020-05-14,8:00 AM,Uttar Pradesh,-,-,1902,83,3729
1934,1935,2020-05-14,8:00 AM,West Bengal,-,-,702,207,2290
